Source URL,Title,Content Snippet
http://tinman.cs.gsu.edu/~raj/8910/f21,CSc 8910 - Functional Programming in Haskell,"CSc 8910 - Functional Programming in Haskell CSc 8910, Category Theory and Functional Programming (Fall 2021) TBD (on WebEx) Instructor Raj Sunderraman (raj@gsu.edu) Course Materials Lambda Calculus L..."
http://tinman.cs.gsu.edu/~raj/8910/f20,CSc 8910 - Functional Programming in Haskell,"CSc 8910 - Functional Programming in Haskell CSc 8910, Functional Programming in Haskell (Fall 2020) TBD (on WebEx) Instructor Raj Sunderraman (raj@gsu.edu) Course Materials Lambda Calculus Lambda Cal..."
http://tinman.cs.gsu.edu/~raj/8910/f19,404 Not Found,404 Not Found Not Found The requested URL /~raj/8910/f19 was not found on this server.
http://tinman.cs.gsu.edu/~raj/8910/f18,CSc 8910 - Models of Computation,"CSc 8910 - Models of Computation CSc 8910, Models of Computation (Fall 2018) Course Materials Lambda Calculus Lambda Calculus Some Notes from PLC Class Recursive Function Theory Recursive Function The..."
http://tinman.cs.gsu.edu/~raj/8910/f18,CSc 8910 - Models of Computation,Winter Holidays https://potassco.org/ Watch the following two videos for the graph coloring problem solution in ASP: https://www.youtube.com/watch?v=kdcd7Je2glc https://www.youtube.com/watch?v=M2lhCvC...
http://tinman.cs.gsu.edu/~raj/8910/f18,CSc 8910 - Models of Computation,"gringo, clasp, and clingo). Solve Datalog Querying using ASP. clingo guide"
http://tinman.cs.gsu.edu/~raj/8711/sp23,CSc 8711 Databases and the Web - Spring 2023,"CSc 8711 Databases and the Web - Spring 2023 CSc 8711, Databases and the Web (Spring 2023) Class time : Friday 12.30 PM to 3.55 PM Location : Classroom South 428 Instructional Staff Instructor : Raj S..."
http://tinman.cs.gsu.edu/~raj/8711/sp23,CSc 8711 Databases and the Web - Spring 2023,"Exam2 Course Materials V. Graph Database (neo4j) neo4j Slides neo4j Download neo4j Community Server neo4j Get Started neo4j cypher query language py2neo ( Sample Code ) Project 6 (Due: April 26, 2023 ..."
http://tinman.cs.gsu.edu/~raj/8711/sp23,CSc 8711 Databases and the Web - Spring 2023,"Metcalfe's Law, Web 2.0 and Semantic Web Software GraphDB Apache Jena Project Protege (RDF/OWL Editor...) Python API for RDF (rdflib 5.0.0) Project 5 (Due: April 19, 2023 - Wednesday) III. JSON Slides..."
http://tinman.cs.gsu.edu/~raj/8711/sp23,CSc 8711 Databases and the Web - Spring 2023,"Linked List: Instance , Schema JSONiq Part I , JSONiq Part II (derived from JSONiq Book ), JSONiq Query Examples MongoDB , Python access to MongoDB (pymongo) , Classroom App using MongoDB Software: Py..."
http://tinman.cs.gsu.edu/~raj/8711/sp23,CSc 8711 Databases and the Web - Spring 2023,"XQuery , XSL , XSL-with-parameters Software: BaseX , XML Formatter , Python lxml , lxml sample code , EditX Community Edition Useful Links: XPath and XQuery Functions and Operators , XQuery FunctX Lib..."
http://tinman.cs.gsu.edu/~raj/8711/sp23/syllabus.html,CSc 8711 Syllabus,"CSc 8711 Syllabus CSc 8711, Databases and the Web, Spring 2023, Syllabus Class Details Class Time: Fridays 12.30 to 3.55 Instructor: Raj Sunderraman Office Hrs: Wednesday 3.00 to 5.00 E-mail: raj at g..."
http://tinman.cs.gsu.edu/~raj/8711/sp23/syllabus.html,CSc 8711 Syllabus,"including Description Logics, RDF, RDFS, OWL, and SPARQL, and NoSQL systems. The student will work on several programming projects which illustrate the various concepts and techniques to access data o..."
http://tinman.cs.gsu.edu/~raj/8711/sp23/syllabus.html,CSc 8711 Syllabus,One week grace period for late submission. Projects will not be accepted after the grace period and will receive a score of zero. Exam(s) (40%) Policy on Academic Honesty: All programming assignments ...
http://tinman.cs.gsu.edu/~raj/8711/sp23/syllabus.html,CSc 8711 Syllabus,individually on quizzes and exams without any assistance from persons or things. Any student found to be cheating on a quiz or an examination will receive a score of 0 for that exam. It is the student...
http://tinman.cs.gsu.edu/~raj/8711/sp23/syllabus.html,CSc 8711 Syllabus,Any student missing a lesson is responsible for all material  assigned or covered in class during his or her absence.  Other Disruptive classroom behavior will not be tolerated.  See the student catal...
http://tinman.cs.gsu.edu/~raj/8711/sp21,CSc 8711 Databases and the Web - Spring 2021,"CSc 8711 Databases and the Web - Spring 2021 CSc 8711, Databases and the Web (Spring 2021) Class time: 12.30 PM to 3.55 PM, Friday (Online - Mostly Synchronous) Instructional Staff Instructor : Raj Su..."
http://tinman.cs.gsu.edu/~raj/8711/sp21,CSc 8711 Databases and the Web - Spring 2021,"Office Hours Scribblings from OH, 4/30/2021 Harry Potter solution Penguin Problem solution Course Materials V. Graph Database (neo4j) neo4j Slides neo4j Download neo4j Community Server neo4j Get Start..."
http://tinman.cs.gsu.edu/~raj/8711/sp21,CSc 8711 Databases and the Web - Spring 2021,"2.0 and Semantic Web Software Apache Jena Project Protege (RDF/OWL Editor...) Python API for RDF (rdflib 5.0.0) Project 5 (Due: April 20, 2021 - Tuesday) (Handin under assignment 5) III. JSON Slides/N..."
http://tinman.cs.gsu.edu/~raj/8711/sp21,CSc 8711 Databases and the Web - Spring 2021,"Linked List: Instance , Schema JSONiq Part I , JSONiq Part II (derived from JSONiq Book ), JSONiq Query Examples MongoDB , Python access to MongoDB (pymongo) , Classroom App using MongoDB Software: Py..."
http://tinman.cs.gsu.edu/~raj/8711/sp21,CSc 8711 Databases and the Web - Spring 2021,", DTD , XML Schema , XPath , XQuery , XSL , XSL-with-parameters Software: BaseX , libxml2 , Python lxml , EditX Community Edition Useful Links: XPath and XQuery Functions and Operators , XQuery FunctX..."
http://tinman.cs.gsu.edu/~raj/8711/sp21,CSc 8711 Databases and the Web - Spring 2021,"Connector GSU Classroom Search Using REST API , Using GraphQL Project 1 (Due: January 31, 2021 - Sunday) (Handin under assignment 1) P1 Rubric"
http://tinman.cs.gsu.edu/~raj/8711/sp21/syllabus.html,CSc 8711 Syllabus,"CSc 8711 Syllabus CSc 8711, Databases and the Web, Spring 2021, Syllabus Class Details Class Time: Fridays 12.30 to 3.55 Instructor: Raj Sunderraman Office Hrs: Monday 3.00 to 5.00 E-mail: raj at gsu ..."
http://tinman.cs.gsu.edu/~raj/8711/sp21/syllabus.html,CSc 8711 Syllabus,"including Description Logics, RDF, RDFS, OWL, and SPARQL, and NoSQL systems. The student will work on several programming projects which illustrate the various concepts and techniques to access data o..."
http://tinman.cs.gsu.edu/~raj/8711/sp21/syllabus.html,CSc 8711 Syllabus,One week grace period for late submission. Projects will not be accepted after the grace period and will receive a score of zero. Exam(s) (30%) Research Paper/Presentation (10%) Policy on Academic Hon...
http://tinman.cs.gsu.edu/~raj/8711/sp21/syllabus.html,CSc 8711 Syllabus,individually on quizzes and exams without any assistance from persons or things. Any student found to be cheating on a quiz or an examination will receive a score of 0 for that exam. It is the student...
http://tinman.cs.gsu.edu/~raj/8711/sp21/syllabus.html,CSc 8711 Syllabus,Any student missing a lesson is responsible for all material  assigned or covered in class during his or her absence.  Other Disruptive classroom behavior will not be tolerated.  See the student catal...
http://tinman.cs.gsu.edu/~raj/8711/sp19,CSc 8711 Databases and the Web - Spring 2019,"CSc 8711 Databases and the Web - Spring 2019 Csc 8711, Databases and the Web (Spring 2019) Instructional Staff Instructor : Raj Sunderraman ; Room 629, 1 Park Place; raj@cs.gsu.edu; Office hours: Tues..."
http://tinman.cs.gsu.edu/~raj/8711/sp19,CSc 8711 Databases and the Web - Spring 2019,Office Hours: ??? Course Details Syllabus Class Roster Google Groups for Class Secure Shell Client for Windows Homework Submission Guidelines Course Materials GRAPH DATABASES: neo4j neo4j Download neo...
http://tinman.cs.gsu.edu/~raj/8711/sp19,CSc 8711 Databases and the Web - Spring 2019,"Web Protege (RDF/OWL Editor...) SPARQL Tutorial ( Example Queries ) Sample Ontologies: nobel.owl , nobeldata.owl , Periodictable.owl Useful Links Apache Jena Project Project 5 (Due: April 14, 2019 - S..."
http://tinman.cs.gsu.edu/~raj/8711/sp19,CSc 8711 Databases and the Web - Spring 2019,"slides Project 4 (Due: March 31, 2019 - Sunday) (Handin under assignment 4) XML XML Basics DTDs and XML Schema ( https://www.w3.org/TR/xmlschema-1/ , https://www.w3.org/TR/xmlschema-2/ ) Elmasri/Navat..."
http://tinman.cs.gsu.edu/~raj/8711/sp19,CSc 8711 Databases and the Web - Spring 2019,"let $d:=doc(""/public/book/company.xml"") for $p in $d/companyDB/projects/project return $p / Xquery built-in functions functx functions Project 2 (Due: February 24, 2019 - Sunday) (Handin under assignm..."
http://tinman.cs.gsu.edu/~raj/8711/sp19/syllabus.html,CSc 8711 Syllabus,"CSc 8711 Syllabus CSc 8711, Databases and the Web, Spring 2019, Syllabus Class Details Class Time: Fridays 12.30 to 3.55 Location: Aderhold Learning Center 205 Instructor: Raj Sunderraman Office: 1 Pa..."
http://tinman.cs.gsu.edu/~raj/8711/sp19/syllabus.html,CSc 8711 Syllabus,"including Description Logics, RDF, RDFS, OWL, and SPARQL, and NoSQL systems. The student will work on several programming projects which illustrate the various concepts and techniques to access databa..."
http://tinman.cs.gsu.edu/~raj/8711/sp19/syllabus.html,CSc 8711 Syllabus,Web resources etc. Grading The grading will be based on the following components: Programming Projects (60%) -  20% Penalty for late submission - STRICTLY ENFORCED. One week grace period for late subm...
http://tinman.cs.gsu.edu/~raj/8711/sp19/syllabus.html,CSc 8711 Syllabus,"be specified in the assignment specification). Copying of code from the internet or from other sources is strictly prohibited. If the work is determined to be plagiarized, a 0 will be awarded for the ..."
http://tinman.cs.gsu.edu/~raj/8711/sp19/syllabus.html,CSc 8711 Syllabus,"used, it must be referenced and not copied. Plagiarized work is determined solely by the professor and is graded solely at the professor's discretion. A second plagiarism offense is punished with a ""F..."
http://tinman.cs.gsu.edu/~raj/8711/sp19/syllabus.html,CSc 8711 Syllabus,"See the student catalog for more information.  Class participation is strongly encouraged,  please ask questions, make comments. Disclaimer This syllabus represents a general plan for the course and d..."
http://tinman.cs.gsu.edu/~raj/8711/sp15,CSc 8711 Databases and the Web - Spring 2015,"CSc 8711 Databases and the Web - Spring 2015 Csc 8711, Databases and the Web (Spring 2015) Class Details Syllabus Class Roster Google Groups for Class Project Submission Instructions TA email: janani ..."
http://tinman.cs.gsu.edu/~raj/8711/sp15,CSc 8711 Databases and the Web - Spring 2015,"Lab Manual Chapter XML Querying/Transforms: XPATH XQUERY XSL Java Servlet to apply XSL Transform to XML file XML Parsing APIs Programming Project 2 (XML Schema, XQUERY, XSLT, Due: Sunday, February 22,..."
http://tinman.cs.gsu.edu/~raj/8711/sp15,CSc 8711 Databases and the Web - Spring 2015,"XQuery, and XSLT: XML Software Programming Project 3 (XML Parsing - Data Input Forms, Due: Sunday, March 22, 2015) Semantic Web Readings Scientific American Article Ontology Tutorial Metcalfe's Law, W..."
http://tinman.cs.gsu.edu/~raj/8711/sp15,CSc 8711 Databases and the Web - Spring 2015,"Code (Movies-Screens-Shows Database) Programming Project 5 and 6 (Graph Database Project, Due: Sunday, May 3, 2015 - STRICT DEADLINE - NO LATE SUBMISSIONS)"
http://tinman.cs.gsu.edu/~raj/8711/sp15/syllabus.html,CSc 8711 Syllabus,"CSc 8711 Syllabus CSc 8711, Databases and the Web, Spring 2015, Syllabus Class Details Class Time: Fridays 9.00 to 12.30 Location: Arts and Humanities 327 Instructor: Dr. Raj Sunderraman Office: 25 Pa..."
http://tinman.cs.gsu.edu/~raj/8711/sp15/syllabus.html,CSc 8711 Syllabus,"including Description Logics, RDF, RDFS, OWL, and SPARQL, and NoSQL systems. The student will work on several programming projects which illustrate the various concepts and techniques to access databa..."
http://tinman.cs.gsu.edu/~raj/8711/sp15/syllabus.html,CSc 8711 Syllabus,Web resources etc. Grading The grading will be based on the following components: Programming Projects (50%) -  20% Penalty for late submission - STRICTLY ENFORCED. One week grace period for late subm...
http://tinman.cs.gsu.edu/~raj/8711/sp15/syllabus.html,CSc 8711 Syllabus,"be specified in the assignment specification). Copying of code from the internet or from other sources is strictly prohibited. If the work is determined to be plagiarized, a 0 will be awarded for the ..."
http://tinman.cs.gsu.edu/~raj/8711/sp15/syllabus.html,CSc 8711 Syllabus,"used, it must be referenced and not copied. Plagiarized work is determined solely by the professor and is graded solely at the professor's discretion. A second plagiarism offense is punished with a ""F..."
http://tinman.cs.gsu.edu/~raj/8711/sp15/syllabus.html,CSc 8711 Syllabus,"See the student catalog for more information.  Class participation is strongly encouraged,  please ask questions, make comments. Disclaimer This syllabus represents a general plan for the course and d..."
http://tinman.cs.gsu.edu/~raj/8711/sp13,CSc 8711 Databases and the Web - Spring 2013,"CSc 8711 Databases and the Web - Spring 2013 Csc 8711, Databases and the Web (Spring 2013) Class Details Syllabus Class Roster Exam 2 - Take Home (Due: May 3 - Friday), PeriodicTable.owl Web Programmi..."
http://tinman.cs.gsu.edu/~raj/8711/sp13,CSc 8711 Databases and the Web - Spring 2013,"Project 2 (XPath, XQuery, XML Schema, Due: Sunday, February 24, 2013). Project 3 (XML Parsing, Due: Sunday, March 10th) Semantic Web Scientific American Article Ontology Tutorial Semantic Web Chapter ..."
http://tinman.cs.gsu.edu/~raj/8711/sp13/syllabus.html,CSc 8711 Syllabus,"CSc 8711 Syllabus CSc 8711, Databases and the Web, Spring 2013, Syllabus Class Details Class Time: Fridays 10.00 to 12.30 Location: Classroom South 400 Instructor: Dr. Raj Sunderraman Office: 34 Peach..."
http://tinman.cs.gsu.edu/~raj/8711/sp13/syllabus.html,CSc 8711 Syllabus,"including Description Logics, RDF, RDFS, OWL, and SPARQL, and NoSQL systems. The student will work on several programming projects which illustrate the various concepts and techniques to access databa..."
http://tinman.cs.gsu.edu/~raj/8711/sp13/syllabus.html,CSc 8711 Syllabus,20% Penalty for late submission - STRICTLY ENFORCED. One week grace period for late submission. Projects will not be accepted after the grace period and will receive a score of zero. Exam(s) (30%) Res...
http://tinman.cs.gsu.edu/~raj/8711/sp13/syllabus.html,CSc 8711 Syllabus,"grade for the assignment will be divided among the students in the group. For example, if 3 students in this section worked on an assignment that receives a grade of 18 (out of 25), then each of the t..."
http://tinman.cs.gsu.edu/~raj/8711/sp13/syllabus.html,CSc 8711 Syllabus,things. Any student found to be cheating on an examination will receive a score of 0 for that exam. It is the student's responsibility to protect work from copying. No outside help is permitted. If a ...
http://tinman.cs.gsu.edu/~raj/8711/sp13/syllabus.html,CSc 8711 Syllabus,"Other Disruptive classroom behavior will not be tolerated.  See the student catalog for more information.  Class participation is strongly encouraged,  please ask questions, make comments. Disclaimer ..."
http://tinman.cs.gsu.edu/~raj/8711/sp11,CSc 8711 - Spring 2011 - Home Page,"CSc 8711 - Spring 2011 - Home Page CSc 8711, Databases and the Web, Spring 2011 Course Syllabus Class Roster SSH Client Oracle 10g Programming: A Primer - Source Code PhP/MySQL PhP Manual PhP Tutorial..."
http://tinman.cs.gsu.edu/~raj/8711/sp11,CSc 8711 - Spring 2011 - Home Page,"Transform to XML file XML Parsing APIs Programming Assignment 3 XML Stuff (Due: March 19, 2011). Programming Assignment 4 XML Parsing - Code Generation for Web Application (Due: April 3, 2011). Semant..."
http://tinman.cs.gsu.edu/~raj/8711/sp11/syllabus.html,CSc 8711. Databases and the Web,"CSc 8711. Databases and the Web CSc 8711. Databases and the Web Spring 2011, Friday 10.00 to 12.30 PM, 400-Classroom South Instructor: Dr. Raj Sunderraman Office: 34 Peachtree Street, Suite 1452 Offic..."
http://tinman.cs.gsu.edu/~raj/8711/sp11/syllabus.html,CSc 8711. Databases and the Web,recommended (CSc 4370/6370). Course Overview: This course has two main objectives: To introduce the student to technologies for Web application development involving a database back-end. To introduce ...
http://tinman.cs.gsu.edu/~raj/8711/sp11/syllabus.html,CSc 8711. Databases and the Web,"Addison Wesley, 2008. Foundations of Semantic Web Technologies by  Pascal Hitzler, Markus Krötzsch, Sebastian Rudolph,  Chapman and Hall/CRC, 2009. Grading Policy: The grading will be based on the fol..."
http://tinman.cs.gsu.edu/~raj/8711/sp11/syllabus.html,CSc 8711. Databases and the Web,section of the course.  Students working in groups must turn in one assignment for the group and must state on that assignment the names of all the students in the group who contributed to that assign...
http://tinman.cs.gsu.edu/~raj/8711/sp11/syllabus.html,CSc 8711. Databases and the Web,"section or outside of this section, will be assigned a grade of 0. Determination of collaboration will be made by the instructor. Students must work individually on quizzes and exams without any assis..."
http://tinman.cs.gsu.edu/~raj/8711/sp11/syllabus.html,CSc 8711. Databases and the Web,Any student missing a lesson is responsible for all material  assigned or covered in class during his or her absence. Other Disruptive classroom behavior will not be tolerated.  See the student catalo...
http://tinman.cs.gsu.edu/~raj/8711/sp09,CSc 8711 - Spring 2009 - Home Page,"CSc 8711 - Spring 2009 - Home Page CSc 8711, Databases and the Web, Spring 2009 Class Bulletin Board (You need to register) Course Syllabus Class Roster SSH Client Oracle 10g Programming: A Primer - S..."
http://tinman.cs.gsu.edu/~raj/8711/sp09,CSc 8711 - Spring 2009 - Home Page,( ppt pdf ) XML Parsing Apache Xerces Semantic Web Slides Text Book Website RDF/RDFS Primer (w3c.org) Abstract Syntax Printer Ontology (in abstract syntax) Wild Life Ontology (in abstract syntax) Web ...
http://tinman.cs.gsu.edu/~raj/8711/sp09,CSc 8711 - Spring 2009 - Home Page,"1, 2009). Programming Assignment 4 XSLT Problems (Due: March 22, 2009). Programming Assignment 5 RDF, SDB, SPARQL (Due: April 17, 2009). Programming Assignment 6 Ontology Design (Due: April 30, 2009)...."
http://tinman.cs.gsu.edu/~raj/8711/sp09/syllabus.html,CSc 8711. Databases and the Web,"CSc 8711. Databases and the Web CSc 8711. Databases and the Web Spring 2009, Friday 10.00 to 12.30 PM, 400-Classroom South Instructor: Dr. Raj Sunderraman Office: 34 Peachtree Street, Suite 1452 Offic..."
http://tinman.cs.gsu.edu/~raj/8711/sp09/syllabus.html,CSc 8711. Databases and the Web,recommended (CSc 4370/6370). Course Overview: This course has two main objectives: To introduce the student to technologies for Web application development involving a database back-end. To introduce ...
http://tinman.cs.gsu.edu/~raj/8711/sp09/syllabus.html,CSc 8711. Databases and the Web,"Addison Wesley, 2008. A Semantic Web Primer, 2nd Edition by G. Antoniou and F. van Harmelen, MIT Press, 2008. Grading Policy: The grading will be based on the following components: Programming Project..."
http://tinman.cs.gsu.edu/~raj/8711/sp09/syllabus.html,CSc 8711. Databases and the Web,section of the course.  Students working in groups must turn in one assignment for the group and must state on that assignment the names of all the students in the group who contributed to that assign...
http://tinman.cs.gsu.edu/~raj/8711/sp09/syllabus.html,CSc 8711. Databases and the Web,"section or outside of this section, will be assigned a grade of 0. Determination of collaboration will be made by the instructor. Students must work individually on quizzes and exams without any assis..."
http://tinman.cs.gsu.edu/~raj/8711/sp09/syllabus.html,CSc 8711. Databases and the Web,Any student missing a lesson is responsible for all material  assigned or covered in class during his or her absence. Other Disruptive classroom behavior will not be tolerated.  See the student catalo...
http://tinman.cs.gsu.edu/~raj/8711/f06,CSc 8711/f06 (Fall 2006) Home Page,"CSc 8711/f06 (Fall 2006) Home Page CSc 8711, Databases and the Web, Fall 2006 Class Bulletin Board (You need to sign up) Course Syllabus Class Roster SSH Oracle 10g SQLPlus FAQ Oracle Data Dictionary ..."
http://tinman.cs.gsu.edu/~raj/8711/f06,CSc 8711/f06 (Fall 2006) Home Page,( ppt pdf ) XML/Database Mappings ( ppt pdf ) DTDs and XML Schema ( ppt pdf ) XML Parsing APIs ( ppt pdf ) XML Querying/Transformation XPath ( ppt pdf ) XSLT ( ppt pdf ) Java Servlet to apply xsl tran...
http://tinman.cs.gsu.edu/~raj/8711/f06,CSc 8711/f06 (Fall 2006) Home Page,"Due: September 22, 2006). JDBC Connect String: Connection conn = DriverManager.getConnection(""jdbc:oracle:thin:@tinman.cs.gsu.edu:1521:tinman"",user,pass); Programming Project 2 (Due: October 13, 2006)..."
http://tinman.cs.gsu.edu/~raj/8711/f06/syllabus.html,CSc 8711. Databases and the Web,"CSc 8711. Databases and the Web CSc 8711. Databases and the Web Fall 2006, Friday 10.00 to 12.30 PM, 400-Classroom South CRN: 86205 Instructor: Dr. Raj Sunderraman Office: 34 Peachtree Street, Suite 1..."
http://tinman.cs.gsu.edu/~raj/8711/f06/syllabus.html,CSc 8711. Databases and the Web,and XML. Pre-requisite: CSc 4710/6710. The pre-requisite is strictly enforced.  Students enrolled in 8711 should not take the Web Programming (6370) class as the topics covered in 6370 would be a subs...
http://tinman.cs.gsu.edu/~raj/8711/f06/syllabus.html,CSc 8711. Databases and the Web,"The student will also review selected current articles in this field and present their reviews in the class. Textbooks Oracle 9i Programming: A Primer by R. Sunderraman, Addison Wesley, 2004. Grading ..."
http://tinman.cs.gsu.edu/~raj/8711/f06/syllabus.html,CSc 8711. Databases and the Web,assignment for the group and must state on that assignment the names of all the students in the group who contributed to that assignment; the grade for the assignment will be divided among the student...
http://tinman.cs.gsu.edu/~raj/8711/f06/syllabus.html,CSc 8711. Databases and the Web,Determination of collaboration will be made by the instructor. Students must work individually on quizzes and exams without any assistance from persons or things. Any student found to be cheating on a...
http://tinman.cs.gsu.edu/~raj/8711/f06/syllabus.html,CSc 8711. Databases and the Web,Any student missing a lesson is responsible for all material  assigned or covered in class during his or her absence. Other Disruptive classroom behavior will not be tolerated.  See the student catalo...
http://tinman.cs.gsu.edu/~raj/8711/sp05,CSc 8711/sp05 (Spring 2004) Home Page,"CSc 8711/sp05 (Spring 2004) Home Page CSc 8711, Databases and the Web Spring 2005 Class Bulletin Board Course Syllabus SQLPlus FAQ Oracle Data Dictionary Information Oracle Commands Code from Oracle 9..."
http://tinman.cs.gsu.edu/~raj/8711/sp05,CSc 8711/sp05 (Spring 2004) Home Page,"Reference - More Comprehensive! Dynamic PL/SQL: Package DBMS_SQL, etc. Flexible Parameter Passing in HTML Forms PL/SQL Server Pages (PSP) Java Servlets and Java Server Pages Investment Portfolio Examp..."
http://tinman.cs.gsu.edu/~raj/8711/sp05,CSc 8711/sp05 (Spring 2004) Home Page,"Conferences Alternate location (ACM Digital Library) ObjectStore Sample Code etc. ObjectStore Java Interface Documentation Programming Project 1 (Due: January 28, 2005). Project 1 Submission Instructi..."
http://tinman.cs.gsu.edu/~raj/8711/sp05,CSc 8711/sp05 (Spring 2004) Home Page,"ELECTRONICALLY SUBMIT under Assignment 3 Programming Project 4 (Due: April 1, 2005 (Friday)). ELECTRONICALLY SUBMIT under Assignment 4 Programming Project 5 (Due: April 15, 2005 (Friday)). ELECTRONICA..."
http://tinman.cs.gsu.edu/~raj/8711/sp05/syllabus.html,CSc 8711. Databases and the Web,"CSc 8711. Databases and the Web CSc 8711. Databases and the Web Spring 2005, Friday 9.30 to 12.50 PM, 400-Classroom South Computer Resource Number: 16554 Instructor: Dr. Raj Sunderraman Office: 34 Pea..."
http://tinman.cs.gsu.edu/~raj/8711/sp05/syllabus.html,CSc 8711. Databases and the Web,"and XML. Pre-requisite: CSc 4710/6710.  If you do not have the prerequisites  (or equivalents from another university) shown on your GSU records, you may be dropped from class at any time.  Note: If y..."
http://tinman.cs.gsu.edu/~raj/8711/sp05/syllabus.html,CSc 8711. Databases and the Web,"in applying database technology to Web related areas such as semi-structured databases, data integration, digital library, etc. Accessing databases using the Common Gateway Interface (CGI) and using s..."
http://tinman.cs.gsu.edu/~raj/8711/sp05/syllabus.html,CSc 8711. Databases and the Web,"The student will also review selected current articles in this field and present their reviews in the class. Textbooks Data on the Web: From Relations to Semistructured Data and XML , by Serge Abitebo..."
http://tinman.cs.gsu.edu/~raj/8711/sp05/syllabus.html,CSc 8711. Databases and the Web,"Students may work alone on assignments or in groups, but only within this section of the course.  Students working in groups must turn in one assignment for the group and must state on that assignment..."
http://tinman.cs.gsu.edu/~raj/8711/sp05/syllabus.html,CSc 8711. Databases and the Web,"assignments without indicating that they collaborated, either within this section or outside of this section, will be assigned a grade of 0. Determination of collaboration will be made by the instruct..."
http://tinman.cs.gsu.edu/~raj/8711/sp05/syllabus.html,CSc 8711. Databases and the Web,"solely by the professor and is graded solely at the professor's discretion. Last Date for Withdrawal Friday, March 4, 2005. Attendance Daily attendance is strongly encouraged.  Any student missing a l..."
http://tinman.cs.gsu.edu/~raj/8711/sp04,CSc 8711/sp04 (spring 2004) Home Page,"CSc 8711/sp04 (spring 2004) Home Page CSc 8711, Databases and the Web Spring 2004 Class Bulletin Board Course Syllabus SQLPlus FAQ Code from Oracle 9i text Oracle mod_plsql (Pl/SQL Web Toolkit) Notes ..."
http://tinman.cs.gsu.edu/~raj/8711/sp04,CSc 8711/sp04 (spring 2004) Home Page,(courtesy zvon.org) XPath Visualizer download XQuery Xquery Interpreter on tinman XSL XSLT Tutorial XML Schema Oracle 9i's XML Schema Validator XML Namespaces Web Services WSDL Essentials WSDL Tutoria...
http://tinman.cs.gsu.edu/~raj/8711/sp04,CSc 8711/sp04 (spring 2004) Home Page,"Handin Procedure: Include the following in the .cshrc file in your home directory: alias handin8711 /export/home/csc8711/bin/handin To submit source files, execute the command: handin8711 1 file1 file..."
http://tinman.cs.gsu.edu/~raj/8711/sp04,CSc 8711/sp04 (spring 2004) Home Page,3 for assignment 3 etc. Please submit all source files. IMPORTANT NOTE FOR ASSIGNMENT 1: My grader plans to execute YOUR CODE on HER DATA. To make this possible you need to do three things: You have t...
http://tinman.cs.gsu.edu/~raj/8711/sp04,CSc 8711/sp04 (spring 2004) Home Page,"definition as follows: create or replace package bboard authid current_user is or   create or replace procedure p1 authid current_user is Once again, if you put all code within a package, you have to ..."
http://tinman.cs.gsu.edu/~raj/8711/sp04,CSc 8711/sp04 (spring 2004) Home Page,for this application is from an HTML file called bboard.html present in your public_html  directory. Your public_html and your home directory both should have 755 permissions  so that we can bring up ...
http://tinman.cs.gsu.edu/~raj/8711/sp04/syllabus.html,CSc 8711. Databases and the Web,"CSc 8711. Databases and the Web CSc 8711. Databases and the Web Spring 2004, TTh. 10.00 to 11.40 PM, 400-Classroom South Computer Number: 14241 Instructor: Dr. Raj Sunderraman Office: 34 Peachtree Str..."
http://tinman.cs.gsu.edu/~raj/8711/sp04/syllabus.html,CSc 8711. Databases and the Web,"and XML. Pre-requisite: CSc 4710/6710.  If you do not have the prerequisites  (or equivalents from another university) shown on your GSU records, you may be dropped from class at any time.  Note: If y..."
http://tinman.cs.gsu.edu/~raj/8711/sp04/syllabus.html,CSc 8711. Databases and the Web,"in applying database technology to Web related areas such as semi-structured databases, digital library, etc. Accessing databases using the Common Gateway Interface (CGI) and using specialized applica..."
http://tinman.cs.gsu.edu/~raj/8711/sp04/syllabus.html,CSc 8711. Databases and the Web,"The student will also review selected current articles in this field and present their reviews in the class. Textbooks Data on the Web: From Relations to Semistructured Data and XML , by Serge Abitebo..."
http://tinman.cs.gsu.edu/~raj/8711/sp04/syllabus.html,CSc 8711. Databases and the Web,"Students may work alone on assignments or in groups, but only within this section of the course.  Students working in groups must turn in one assignment for the group and must state on that assignment..."
http://tinman.cs.gsu.edu/~raj/8711/sp04/syllabus.html,CSc 8711. Databases and the Web,"assignments without indicating that they collaborated, either within this section or outside of this section, will be assigned a grade of 0. Determination of collaboration will be made by the instruct..."
http://tinman.cs.gsu.edu/~raj/8711/sp04/syllabus.html,CSc 8711. Databases and the Web,"solely by the professor and is graded solely at the professor's discretion. Last Date for Withdrawal Friday, March 5, 2004. Attendance Daily attendance is strongly encouraged.  Any student missing a l..."
http://tinman.cs.gsu.edu/~raj/8711/f01,CSc 8711/f01 (Fall 2001) Home Page,"CSc 8711/f01 (Fall 2001) Home Page CSc 8711, Databases and the Web Fall 2001 Grade Book System Class Bulletin Board Course Syllabus PL/SQL Cartridge Notes Dynamic PL/SQL: Package DBMS_SQL, etc. Flexib..."
http://tinman.cs.gsu.edu/~raj/8711/f01,CSc 8711/f01 (Fall 2001) Home Page,"Li, Peng Xu, Jian Gu, Yong Li Nov 15th: Data Integration on the Web: Baoan Wang, XiuKun Chang, Hui Wang, Xianyu Hong Nov 20th: Web Query Languages and Systems: Jingwu He, Ying Luo, Ken Nguyen, Hung Ng..."
http://tinman.cs.gsu.edu/~raj/8711/f01,CSc 8711/f01 (Fall 2001) Home Page,"Assignment 1 (Due: September 4, 2001 - Tuesday) Assignment 2 (Due: September 18, 2001 - Tuesday) Assignment 3 and 4 (Due: October 2, 2001 - Tuesday) Assignment 5 (Due: October 25, 2001 - Thursday) Ass..."
http://tinman.cs.gsu.edu/~raj/8711/f01,CSc 8711/f01 (Fall 2001) Home Page,"home directory: alias handin8711 /export/home/csc8711/bin/handin To submit source files, execute the command: handin8711 1 file1 file2 etc Here the number 1 is the assignment number; You will use 2 fo..."
http://tinman.cs.gsu.edu/~raj/8711/f01/syllabus.html,CSc 8711. Databases and the Web,"CSc 8711. Databases and the Web CSc 8711. Databases and the Web Fall 2001, TTh. 7.15 to 8.55 PM, 310-CS Computer Number: 1897 Instructor: Dr. Raj Sunderraman Office: 758 College of Education Building ..."
http://tinman.cs.gsu.edu/~raj/8711/f01/syllabus.html,CSc 8711. Databases and the Web,"and XML. Pre-requisite: CSc 4710/6710.  If you do not have the prerequisites  (or equivalents from another university) shown on your GSU records, you may be dropped from class at any time.  The pre-re..."
http://tinman.cs.gsu.edu/~raj/8711/f01/syllabus.html,CSc 8711. Databases and the Web,to the techniques and methods available to access databases from the Web and To introduce the student to current research issues in applying database technology to Web related areas such as semi-struc...
http://tinman.cs.gsu.edu/~raj/8711/f01/syllabus.html,CSc 8711. Databases and the Web,the various concepts and techniques to access databases on the Web. The student will also review selected current articles in this field and present their reviews in the class. Textbooks Data on the W...
http://tinman.cs.gsu.edu/~raj/8711/f01/syllabus.html,CSc 8711. Databases and the Web,"Students may work alone on assignments or in groups, but only within this section of the course.  Students working in groups must turn in one assignment for the group and must state on that assignment..."
http://tinman.cs.gsu.edu/~raj/8711/f01/syllabus.html,CSc 8711. Databases and the Web,"assignments without indicating that they collaborated, either within this section or outside of this section, will be assigned a grade of 0. Determination of collaboration will be made by the instruct..."
http://tinman.cs.gsu.edu/~raj/8711/su00,CSc 8711/su00 (Summer 2000) Home Page,"CSc 8711/su00 (Summer 2000) Home Page CSc 8711, Databases and the Web Summer 2000 Class Bulletin Board Course Syllabus SQL Tutorial PL/SQL Cartridge Notes (html) Java Cartridge Notes (html) Dynamic SQ..."
http://tinman.cs.gsu.edu/~raj/8711/su00,CSc 8711/su00 (Summer 2000) Home Page,"your C++ program (which you should save in file called p4.cc ). To compile your program, simple type make p4 . A screen capture of the terminal interface is available here . Lore api mini notes Progra..."
http://tinman.cs.gsu.edu/~raj/8711/su00,CSc 8711/su00 (Summer 2000) Home Page,"( pdf, ps ) PL/SQL Cartridge Transparencies  ( pdf, ps ) JWeb Cartridge Transparencies  ( pdf, ps ) Chapter 1 Transparencies ( pdf, ps ) Chapter 2 Transparencies ( pdf, ps ) Chapter 3 Transparencies (..."
http://tinman.cs.gsu.edu/~raj/8711/su00/syllabus.html,CSc 8711. Databases and the Web,"CSc 8711. Databases and the Web CSc 8711. Databases and the Web Summer 2000, TTh. 1.50 to 4.35 PM, 310-CS Computer Number: 2623 Instructor: Dr. Raj Sunderraman Office: 758 College of Education Buildin..."
http://tinman.cs.gsu.edu/~raj/8711/su00/syllabus.html,CSc 8711. Databases and the Web,and XML. Course Overview: This course has two main objectives: (1) to introduce the student to the techniques and methods available to access databases from the Web and (2) to introduce the student to...
http://tinman.cs.gsu.edu/~raj/8711/su00/syllabus.html,CSc 8711. Databases and the Web,"XML standard, etc. will also be covered. The student will work on several programming projects which illustrate the various concepts and techniques to access databases on the Web. The student will als..."
http://tinman.cs.gsu.edu/~raj/8711/su00/syllabus.html,CSc 8711. Databases and the Web,"Addison Wesley, 2000. Reference Books Oracle Web Application Server Handbook (Oracle Series) , by Barry Johnson, Oracle Press 1998. The Developer's Guide to Oracle Web Application Server 3 by Dennis H..."
http://tinman.cs.gsu.edu/~raj/880/su98,CSc 880D/su98 (Summer 1998) Home Page,"CSc 880D/su98 (Summer 1998) Home Page CSc 880D, Databases and the Web Summer 1998 Course Syllabus SQL Tutorial PL/SQL Cartridge Notes Java Cartridge Notes JDBC API Dynamic SQL in PL/SQL (DBMS_SQL Pack..."
http://tinman.cs.gsu.edu/~raj/880/su98,CSc 880D/su98 (Summer 1998) Home Page,"and the code for inserting some data into the mail order database can be obtained here . Assignment 1 Assignment 2 Paper Presentation Schedule Project Groups: Team 1: Rajesh Kalaria, Sridevi Raj, Dana..."
http://tinman.cs.gsu.edu/~raj/880/su98/syllabus.html,CSc 880D. Databases and the Web,"CSc 880D. Databases and the Web CSc 880D. Databases and the Web Summer 1998, TTh. 5.00 to 7.45 PM, 303-S Computer Number: 6987 Instructor: Dr. Raj Sunderraman Office: 758 College of Education Building..."
http://tinman.cs.gsu.edu/~raj/880/su98/syllabus.html,CSc 880D. Databases and the Web,"In addition to developing projects, current research papers on semi-structured data, databases and the Web, etc. will be covered. The student will also write a research paper. Textbooks The Developer'..."
http://tinman.cs.gsu.edu/~raj/8710/f16,CSc 8710 Deductive Databases and Logic Programming - Fall 2016,"CSc 8710 Deductive Databases and Logic Programming - Fall 2016 Csc 8710, Deductive Databases and Logic Programming (Fall 2016) Class Details Syllabus Secure Shell Client Another lightweight SSH slient..."
http://tinman.cs.gsu.edu/~raj/8710/f16,CSc 8710 Deductive Databases and Logic Programming - Fall 2016,"number, you can list one or more files including wildcards such as *.sql etc. Mathematical Logic Chapter 1 (pdf) - Logic Logic for Computer Scientists (PDF Book) LogicBlox Documentation Logical Equiva..."
http://tinman.cs.gsu.edu/~raj/8710/f16,CSc 8710 Deductive Databases and Logic Programming - Fall 2016,"Programs Chapter 3 (pdf) - SLD Resolution Prolog Notes SWI Prolog Home Page ( Manual ) Learn Prolog Now - Online Prolog Book MGU Algorithm Homework 3 (Due: October 12, 2016 - Wednesday) Homework 4 (Du..."
http://tinman.cs.gsu.edu/~raj/8710/f16/syllabus.html,CSc 8710. Deductive Databases and Logic Programming,"CSc 8710. Deductive Databases and Logic Programming CSc 8710. Deductive Databases and Logic Programming Fall 2016, Friday 9.00 to 12.25 PM,  Room: Langdale 327 CRN: 88082 Instructor: Raj Sunderraman O..."
http://tinman.cs.gsu.edu/~raj/8710/f16/syllabus.html,CSc 8710. Deductive Databases and Logic Programming,"Proof-theoretic and Fixpoint semantics, Operational semantics such as bottom-up evaluation and SLD-resolution techniques, Query optimization in deductive databases, Negation in deductive databases, Ap..."
http://tinman.cs.gsu.edu/~raj/8710/f16/syllabus.html,CSc 8710. Deductive Databases and Logic Programming,"kindly print only the chapters we will cover in class.  For reference, you may keep the online text with you. Logic for Computer Scientists, Uwe Schoning. pdf . LogicBlox Documentation book Additional..."
http://tinman.cs.gsu.edu/~raj/8710/f16/syllabus.html,CSc 8710. Deductive Databases and Logic Programming,"student's own work. Plagiarism will result in a score of zero on the test or assignment, or dismissal from the course. NOTE: This syllabus represents a general plan for the course and deviations from ..."
http://tinman.cs.gsu.edu/~raj/8710/f12,CSc 8710 Deductive Databases and Logic Programming - Fall 2012,"CSc 8710 Deductive Databases and Logic Programming - Fall 2012 Csc 8710, Deductive Databases and Logic Programming (Fall 2012) Class Details Syllabus Mathematical Logic Chapter 1 (pdf) - Logic Logical..."
http://tinman.cs.gsu.edu/~raj/8710/f12,CSc 8710 Deductive Databases and Logic Programming - Fall 2012,and Prolog Chapter 2 (pdf) - Definite Logic Programs Chapter 3 (pdf) - SLD Resolution Prolog Notes SWI Prolog Home Page ( Manual ) Learn Prolog Now - Online Prolog Book MGU Algorithm Homework 3 (Due: ...
http://tinman.cs.gsu.edu/~raj/8710/f12/syllabus.html,CSc 8710. Deductive Databases and Logic Programming,"CSc 8710. Deductive Databases and Logic Programming CSc 8710. Deductive Databases and Logic Programming Fall 2012, Monday/Wednesday 5.30 to 7.15 PM,  Room: Sparks 303 CRN: 87453 Instructor: Raj Sunder..."
http://tinman.cs.gsu.edu/~raj/8710/f12/syllabus.html,CSc 8710. Deductive Databases and Logic Programming,"Proof-theoretic and Fixpoint semantics, Operational semantics such as bottom-up evaluation and SLD-resolution techniques, Query optimization in deductive databases, Negation in deductive databases, Ap..."
http://tinman.cs.gsu.edu/~raj/8710/f12/syllabus.html,CSc 8710. Deductive Databases and Logic Programming,"kindly print only the chapters we will cover in class.  For reference, you may keep the online text with you. Additional notes and papers will be provided. Grading Policy: The grading will be based on..."
http://tinman.cs.gsu.edu/~raj/8710/f12/syllabus.html,CSc 8710. Deductive Databases and Logic Programming,"student's own work. Plagiarism will result in a score of zero on the test or assignment, or dismissal from the course. NOTE: This syllabus represents a general plan for the course and deviations from ..."
http://tinman.cs.gsu.edu/~raj/8710/f10,CSc 8710 Home Page,"CSc 8710 Home Page CSc 8710, Deductive Databases and Logic Programming Fall 2010 Syllabus Logic Chapter 1 (pdf) - Logic Logical Equivalences and Implications Homework 1 (Due: September 1, 2010 - Wedne..."
http://tinman.cs.gsu.edu/~raj/8710/f10,CSc 8710 Home Page,"On tinman, invoke OurSQL using java OurSQL ~raj/movie Homework 2 (Due: September 13, 2010 - Monday) Problem 1 Solutions , Problem 2 Solutions , Problem 3 Solutions . Logic Programming and Prolog Chapt..."
http://tinman.cs.gsu.edu/~raj/8710/f10,CSc 8710 Home Page,Deductive Databases - Negation Negation Notes Negation Survey Paper Paraconsistent Data Model Paper Practice problems - well founded model Mining Association Rules Apriori Algorithm Paper Take Home Ex...
http://tinman.cs.gsu.edu/~raj/8710/f10/syllabus.html,CSc 8710. Deductive Databases and Logic Programming,"CSc 8710. Deductive Databases and Logic Programming CSc 8710. Deductive Databases and Logic Programming Fall 2010, Monday/Wednesday 5.30 to 7.15 PM,  Room: Aderhold Learning Center (ALC) 205 CRN: 8705..."
http://tinman.cs.gsu.edu/~raj/8710/f10/syllabus.html,CSc 8710. Deductive Databases and Logic Programming,"Proof-theoretic and Fixpoint semantics, Operational semantics such as bottom-up evaluation and SLD-resolution techniques, Query optimization in deductive databases, Negation in deductive databases, Ap..."
http://tinman.cs.gsu.edu/~raj/8710/f10/syllabus.html,CSc 8710. Deductive Databases and Logic Programming,"kindly print only the chapters we will cover in class.  For reference, you may keep the online text with you. Notes/papers will be provided Grading Policy: The grading will be based on the following c..."
http://tinman.cs.gsu.edu/~raj/8710/f10/syllabus.html,CSc 8710. Deductive Databases and Logic Programming,"student's own work. Plagiarism will result in a score of zero on the test or assignment, or dismissal from the course. NOTE: This syllabus represents a general plan for the course and deviations from ..."
http://tinman.cs.gsu.edu/~raj/8710/f08,CSc 8710 Home Page,"CSc 8710 Home Page CSc 8710, Deductive Databases and Logic Programming Fall 2008 Syllabus Logic Chapter 1 (pdf) Logical Equivalences and Implications Relational Database Querying RA and DRC Interprete..."
http://tinman.cs.gsu.edu/~raj/8710/f08,CSc 8710 Home Page,"to enable all PATH and CLASSPATH variables to be set to use the  interpreters. The movie database is available on tinman as ~raj/movie. Also, it is available"
http://tinman.cs.gsu.edu/~raj/8710/f08,CSc 8710 Home Page,at Download Movie . SUBMISSION: handin8710 1 file1 file2 ... Logic Programming and Prolog Chapter 2 Definite Logic Programs (pdf) Chapter 3 SLD Resolution (pdf) Prolog Notes SWI-Prolog Manual SWI Prol...
http://tinman.cs.gsu.edu/~raj/8710/f08,CSc 8710 Home Page,"(without negation) Deductive Databases - Negation Negation Notes Negation Survey Paper Final Exam Homework 5 (Due: Dec. 9, 2008) Take Home Part (Due: Dec. 9, 2008) Paraconsistent Relational Data Model..."
http://tinman.cs.gsu.edu/~raj/8710/f08/syllabus.html,CSc 8710. Deductive Databases and Logic Programming,"CSc 8710. Deductive Databases and Logic Programming CSc 8710. Deductive Databases and Logic Programming Fall 2008, Tuesday/Thursday 5.30 to 7.10 PM,  Room: 329 General Classroom Building CRN: 86990 In..."
http://tinman.cs.gsu.edu/~raj/8710/f08/syllabus.html,CSc 8710. Deductive Databases and Logic Programming,"Proof-theoretic and Fixpoint semantics, Operational semantics such as bottom-up evaluation and SLD-resolution techniques, Query optimization in deductive databases, Negation in deductive databases, Ap..."
http://tinman.cs.gsu.edu/~raj/8710/f08/syllabus.html,CSc 8710. Deductive Databases and Logic Programming,"kindly print only the chapters we will cover in class.  For reference, you may keep the online text with you. Notes/papers will be provided Grading Policy: The grading will be based on the following c..."
http://tinman.cs.gsu.edu/~raj/8710/f08/syllabus.html,CSc 8710. Deductive Databases and Logic Programming,"student's own work. Plagiarism will result in a score of zero on the test or assignment, or dismissal from the course. NOTE: This syllabus represents a general plan for the course and deviations from ..."
http://tinman.cs.gsu.edu/~raj/8710/sp07,CSc 8710 Home Page,"CSc 8710 Home Page CSc 8710, Deductive Databases and Logic Programming Spring 2007 Bulletin Board (You need to register here to use the board) Syllabus Chapter 1 (pdf) Chapter 2 (pdf) Chapter 3 (pdf) ..."
http://tinman.cs.gsu.edu/~raj/8710/sp07,CSc 8710 Home Page,"re-login; Then, use the following command to submit files: $ handin8710 1 file1 file2 ... Here, 1 is assignment number. For second assignment you will use 2, etc. For assignment 1, you will submit 3 f..."
http://tinman.cs.gsu.edu/~raj/8710/sp07,CSc 8710 Home Page,"labeled (a), (b), etc and dlg.sol containing Prolog data, followed by  each of the queries with answer predicates answer1, answer2 etc. followed  by the few rules to run queries and send answers to fi..."
http://tinman.cs.gsu.edu/~raj/8710/sp07,CSc 8710 Home Page,"Connection conn = DriverManager.getConnection(""jdbc:oracle:thin:@tinman.cs.gsu.edu:1521:tinman"",user,pass); Exam 3 (Take Home: Due: May 7, 2007 - Midnight) Logical Equivalences and Implications Page M..."
http://tinman.cs.gsu.edu/~raj/8710/sp07/syllabus.html,CSc 8710. Deductive Databases and Logic Programming,"CSc 8710. Deductive Databases and Logic Programming CSc 8710. Deductive Databases and Logic Programming Spring 2007, Monday/Wednesday 10.00 to 11.40 AM,  Room: 330 ALC (Aderhold Learning Center) CRN: ..."
http://tinman.cs.gsu.edu/~raj/8710/sp07/syllabus.html,CSc 8710. Deductive Databases and Logic Programming,"Syntax of logic programs and deductive databases, Model-theoretic, Proof-theoretic and Fixpoint semantics, Operational semantics such as bottom-up evaluation and SLD-resolution techniques, Query optim..."
http://tinman.cs.gsu.edu/~raj/8710/sp07/syllabus.html,CSc 8710. Deductive Databases and Logic Programming,"kindly print only the chapters we will cover in class. For reference, you may keep the online text with you. Notes/papers will be provided Grading Policy: The grading will be based on the following co..."
http://tinman.cs.gsu.edu/~raj/8710/sp07/syllabus.html,CSc 8710. Deductive Databases and Logic Programming,"non-recursive Datalog, SQL, JDBC) Mathematical Logic (propositional and predicate logic, model theory) Deductive Databases and Logic Programming--Basics: Syntax of logic programs and deductive databas..."
http://tinman.cs.gsu.edu/~raj/8710/sp07/syllabus.html,CSc 8710. Deductive Databases and Logic Programming,"Mining Last date to withdraw: 1 March, 2007 (Friday). Academic Honesty Policy: All work submitted for grading must be"
http://tinman.cs.gsu.edu/~raj/8710/sp07/syllabus.html,CSc 8710. Deductive Databases and Logic Programming,"student's own work. Plagiarism will result in a score of zero on the test or assignment, or dismissal from the course. NOTE: This syllabus represents a general plan for the course and deviations from ..."
http://tinman.cs.gsu.edu/~raj/8710/f05,CSc 8710 Home Page,"CSc 8710 Home Page CSc 8710, Deductive Databases and Logic Programming Fall 2005 Bulletin Board Syllabus Chapter 1 (pdf file) Chapter 2 (pdf file) Chapter 3 (pdf file) Prolog Notes Datalog Notes COMPA..."
http://tinman.cs.gsu.edu/~raj/8710/f05,CSc 8710 Home Page,Homework 1 (Due: Sept. 7th Wednesday) Solutions Homework 2 (Due: Sept. 21st Wednesday) Solutions Homework 3 (Due: Oct. 3rd (Mon) and 12th (Wed)) HW3 Test Cases Homework 4 (Due: Nov. 7rd (Mon)) For Hom...
http://tinman.cs.gsu.edu/~raj/8710/f05,CSc 8710 Home Page,"hw2.sql, hw2.pl. Also submit three files that contain terminal captures of the execution of these queries. The terminal captures are created as follows: $ script hw2ra.cap $ java RA spjdb RA> query1; ..."
http://tinman.cs.gsu.edu/~raj/8710/f05,CSc 8710 Home Page,Here 2 is the assignment number. For the 3rd assignment it will be 3 and so on. You may submit any number of files with one command. Page Maintained by raj@cs.gsu.edu
http://tinman.cs.gsu.edu/~raj/8710/f05/syllabus.html,CSc 8710. Deductive Databases and Logic Programming,"CSc 8710. Deductive Databases and Logic Programming CSc 8710. Deductive Databases and Logic Programming Fall 2005, Tuesday/Thursday 7.15 to 8.55 PM,  Room: 303 ALC (Aderhold Learning Center) CRN: 8651..."
http://tinman.cs.gsu.edu/~raj/8710/f05/syllabus.html,CSc 8710. Deductive Databases and Logic Programming,"Proof-theoretic and Fixpoint semantics, Operational semantics such as bottom-up evaluation and SLD-resolution techniques, Query optimization in deductive databases, Negation in deductive databases, Ap..."
http://tinman.cs.gsu.edu/~raj/8710/f05/syllabus.html,CSc 8710. Deductive Databases and Logic Programming,"kindly print only the chapters we will cover in class. For reference, you may keep the online text with you. Notes/papers will be provided Grading Policy: The grading will be based on the following co..."
http://tinman.cs.gsu.edu/~raj/8710/f05/syllabus.html,CSc 8710. Deductive Databases and Logic Programming,"non-recursive Datalog, SQL, JDBC) Mathematical Logic (propositional and predicate logic, model theory) Deductive Databases and Logic Programming--Basics: Syntax of logic programs and deductive databas..."
http://tinman.cs.gsu.edu/~raj/8710/f05/syllabus.html,CSc 8710. Deductive Databases and Logic Programming,"Web Mining Last date to withdraw: 14 October, 2005 (Friday). Academic Honesty Policy: All work submitted for grading must be"
http://tinman.cs.gsu.edu/~raj/8710/f05/syllabus.html,CSc 8710. Deductive Databases and Logic Programming,"student's own work. Plagiarism will result in a score of zero on the test or assignment, or dismissal from the course. NOTE: This syllabus represents a general plan for the course and deviations from ..."
http://tinman.cs.gsu.edu/~raj/8710/f03,CSc 8710 Home Page,"CSc 8710 Home Page CSc 8710, Deductive Databases and Logic Programming Fall 2003 Bulletin Board Syllabus Chapter 1 (pdf file) Chapter 2 (pdf file) Chapter 3 (pdf file) Prolog Notes SWI-Prolog Manual S..."
http://tinman.cs.gsu.edu/~raj/8710/f03,CSc 8710 Home Page,- Examples Constraints and Triggers Constraints and Triggers (with Voice-over) Recursion in SQL Exam2 Practice problems Solutions Mining Association Rules Exam3 (Take Home) Tribute to E. W. Dijkstra P...
http://tinman.cs.gsu.edu/~raj/8710/f03/syllabus.html,CSc 8710. Deductive Databases and Logic Programming,"CSc 8710. Deductive Databases and Logic Programming CSc 8710. Deductive Databases and Logic Programming Fall 2003, Tuesday/Thursday 7.15 to 8.55 PM,  Room: 305 ALC (Aderhold Learning Center) Computer ..."
http://tinman.cs.gsu.edu/~raj/8710/f03/syllabus.html,CSc 8710. Deductive Databases and Logic Programming,"Syntax of logic programs and deductive databases, Model-theoretic, Proof-theoretic and Fixpoint semantics, Operational semantics such as bottom-up evaluation and SLD-resolution techniques, Query optim..."
http://tinman.cs.gsu.edu/~raj/8710/f03/syllabus.html,CSc 8710. Deductive Databases and Logic Programming,"kindly print only the chapters we will cover in class. For reference, you may keep the online text with you. Oracle 9i Programming -- A Primer by R. Sunderraman, Addison-Wesley, 2004. Grading Policy: ..."
http://tinman.cs.gsu.edu/~raj/8710/f03/syllabus.html,CSc 8710. Deductive Databases and Logic Programming,"criteria: A 90 and above B 80 thru 89 C 65 thru 79 D 50 thru 64 F less than 50 Detailed Course Syllabus Preliminaries: Relational Databases (relational algebra, relational calculus, SQL, JDBC) Mathema..."
http://tinman.cs.gsu.edu/~raj/8710/f03/syllabus.html,CSc 8710. Deductive Databases and Logic Programming,"databases Applications of deductive databases Constraint checking in deductive databases Last date to withdraw: 17 October, 2003. Academic Honesty Policy: All work submitted for grading must be"
http://tinman.cs.gsu.edu/~raj/8710/f03/syllabus.html,CSc 8710. Deductive Databases and Logic Programming,"student's own work. Plagiarism will result in a score of zero on the test or assignment, or dismissal from the course. NOTE: This syllabus represents a general plan for the course and deviations from ..."
http://tinman.cs.gsu.edu/~raj/8710/f02,CSc 8710 Home Page,"CSc 8710 Home Page CSc 8710, Deductive Databases and Logic Programming Fall 2002 Bulletin Board Syllabus Chapter 1 (pdf file) Chapter 2 (pdf file) Chapter 3 (pdf file) Answers to Selected Problems (pd..."
http://tinman.cs.gsu.edu/~raj/8710/f02/syllabus.html,CSc 8710. Deductive Databases and Logic Programming,"CSc 8710. Deductive Databases and Logic Programming CSc 8710. Deductive Databases and Logic Programming Fall 2002, Tuesday/Thursday 7.15 to 8.55 PM,  Room: 331 G (General Classroom Building) Computer ..."
http://tinman.cs.gsu.edu/~raj/8710/f02/syllabus.html,CSc 8710. Deductive Databases and Logic Programming,"Syntax of logic programs and deductive databases, Model-theoretic, Proof-theoretic and Fixpoint semantics, Operational semantics such as bottom-up evaluation and SLD-resolution techniques, Query optim..."
http://tinman.cs.gsu.edu/~raj/8710/f02/syllabus.html,CSc 8710. Deductive Databases and Logic Programming,"kindly print only the chapters we will cover in class. For reference, you may keep the online text with you. Oracle Programming -- A Primer by R. Sunderraman, Addison-Wesley, 1999. Grading Policy: The..."
http://tinman.cs.gsu.edu/~raj/8710/f02/syllabus.html,CSc 8710. Deductive Databases and Logic Programming,"criteria: A 90 and above B 80 thru 89 C 65 thru 79 D 50 thru 64 F less than 50 Detailed Course Syllabus Preliminaries: Relational Databases (relational algebra, SQL, embedded-SQL, JDBC, SQLJ) Logic Pr..."
http://tinman.cs.gsu.edu/~raj/8710/f02/syllabus.html,CSc 8710. Deductive Databases and Logic Programming,"databases Constraint checking in deductive databases Last date to withdraw: 11 October, 2002. Academic Honesty Policy: All work submitted for grading must be"
http://tinman.cs.gsu.edu/~raj/8710/f02/syllabus.html,CSc 8710. Deductive Databases and Logic Programming,"student's own work. Plagiarism will result in a score of zero on the test or assignment, or dismissal from the course. NOTE: This syllabus represents a general plan for the course and deviations from ..."
http://tinman.cs.gsu.edu/~raj/8710/f00,CSc 8710 Home Page,"CSc 8710 Home Page CSc 8710, Deductive Databases and Logic Programming Fall 2000 Bulletin Board Syllabus SQL Tutorial Prolog Notes SWI-Prolog Manual Data for HW3 HW5 HW7 Oracle documentation is availa..."
http://tinman.cs.gsu.edu/~raj/8710/f00/syllabus.html,CSc 8710. Deductive Databases and Logic Programming,"CSc 8710. Deductive Databases and Logic Programming CSc 8710. Deductive Databases and Logic Programming Fall 2000, Monday 5.30 to 8.50 PM,  Room: 320 G (General Classroom Building) Computer Number: 18..."
http://tinman.cs.gsu.edu/~raj/8710/f00/syllabus.html,CSc 8710. Deductive Databases and Logic Programming,"Proof-theoretic and Fixpoint semantics, Operational semantics such as bottom-up evaluation and SLD-resolution techniques, Query optimization in deductive databases, Negation in deductive databases, Ap..."
http://tinman.cs.gsu.edu/~raj/8710/f00/syllabus.html,CSc 8710. Deductive Databases and Logic Programming,"Springer-Verlag, 1990. Oracle Programming -- A Primer by R. Sunderraman, Addison-Wesley, 1999. Notes on object-oriented databases Grading Policy: The grading will be based on the following components:..."
http://tinman.cs.gsu.edu/~raj/8710/f00/syllabus.html,CSc 8710. Deductive Databases and Logic Programming,"criteria: A 90 and above B 80 thru 89 C 65 thru 79 D 50 thru 64 F less than 50 Detailed Course Syllabus Preliminaries: Relational Databases (relational algebra, SQL, embedded-SQL, JDBC, SQLJ) Logic Pr..."
http://tinman.cs.gsu.edu/~raj/8710/f00/syllabus.html,CSc 8710. Deductive Databases and Logic Programming,"Query optimization Negation in deductive databases Applications of deductive databases Constraint checking in deductive databases Last date to withdraw: 13 October, 2000. Academic Honesty Policy: All ..."
http://tinman.cs.gsu.edu/~raj/8710/f00/syllabus.html,CSc 8710. Deductive Databases and Logic Programming,"student's own work. Plagiarism will result in a score of zero on the test or assignment, or dismissal from the course. Also, the Dean of Students office will be informed. NOTE: This syllabus represent..."
http://tinman.cs.gsu.edu/~raj/8710/f99,CSc 8710 Home Page,"CSc 8710 Home Page CSc 8710, Deductive Databases and Logic Programming Fall 1999 Syllabus SQL Tutorial Prolog Notes SWI-Prolog Manual Assignment 2 Mail Order Database Investment Portfolio Database Sol..."
http://tinman.cs.gsu.edu/~raj/8710/f99/syllabus.html,CSc 8710. Deductive Databases and Logic Programming,"CSc 8710. Deductive Databases and Logic Programming CSc 8710. Deductive Databases and Logic Programming Fall 1999, Monday 7.15 to 9.45 PM,  Room: 305 Sparks Hall Computer Number: 1722 Instructor: Dr. ..."
http://tinman.cs.gsu.edu/~raj/8710/f99/syllabus.html,CSc 8710. Deductive Databases and Logic Programming,"Proof-theoretic and Fixpoint semantics, Operational semantics such as bottom-up evaluation and SLD-resolution techniques, Query optimization in deductive databases, Negation in deductive databases, Ap..."
http://tinman.cs.gsu.edu/~raj/8710/f99/syllabus.html,CSc 8710. Deductive Databases and Logic Programming,"Addison-Wesley, 1999. Grading Policy: The grading will be based on the following components: Three exams worth 20% each Homework assignments worth 20%. Programming projects worth 20%. Detailed Course ..."
http://tinman.cs.gsu.edu/~raj/8710/f99/syllabus.html,CSc 8710. Deductive Databases and Logic Programming,Databases--Advanced Topics: Query optimization Negation in deductive databases Applications of deductive databases Constraint checking in deductive databases
http://tinman.cs.gsu.edu/~raj/8710/f98,CSc 8710 Home Page,"CSc 8710 Home Page CSc 8710, Deductive Databases and Logic Programming Fall 1998 Syllabus SQL Tutorial Prolog Notes (under construction) To access cprolog on your panther account put the following com..."
http://tinman.cs.gsu.edu/~raj/8710/f98,CSc 8710 Home Page,these are available as ~raj/grade_swi and ~raj/grade_cpr . To use ~raj/grade_cpr do the following: $cprolog ~raj/grade_cpr BUT to use ~raj/grade_swi do the following: $~raj/grade_swi The source for th...
http://tinman.cs.gsu.edu/~raj/8710/f98,CSc 8710 Home Page,"The source for the mailorder database can be found in mo.pro Exam1 Solutions to Exam1 Programming Assignment 1 (Due: 14 September 1998, Monday) Solutions Programming Assignment 2 (Due: 21 September 19..."
http://tinman.cs.gsu.edu/~raj/8710/f98,CSc 8710 Home Page,simply use the javac and java commands. To build SQLJ programs precede the javac and java commands by the sqlj command which translates the .sqlj file into a .java file. You may have to copy the most ...
http://tinman.cs.gsu.edu/~raj/8710/f98/syllabus.html,CSc 8710. Deductive Databases and Logic Programming,"CSc 8710. Deductive Databases and Logic Programming CSc 8710. Deductive Databases and Logic Programming Fall 1998, Monday 7.15 to 9.45 PM,  Room: 309 Sparks Hall Computer Number: 5038 Instructor: Dr. ..."
http://tinman.cs.gsu.edu/~raj/8710/f98/syllabus.html,CSc 8710. Deductive Databases and Logic Programming,"Proof-theoretic and Fixpoint semantics, Operational semantics such as bottom-up evaluation and SLD-resolution techniques, Query optimization in deductive databases, Negation in deductive databases, Ap..."
http://tinman.cs.gsu.edu/~raj/8710/f98/syllabus.html,CSc 8710. Deductive Databases and Logic Programming,"Addison-Wesley, 1999. Grading Policy: The grading will be based on the following components: Three exams worth 20% each Homework assignments worth 20%. Programming projects worth 20%. Detailed Course ..."
http://tinman.cs.gsu.edu/~raj/8710/f98/syllabus.html,CSc 8710. Deductive Databases and Logic Programming,Topics: Query optimization Negation in deductive databases Applications of deductive databases Constraint checking in deductive databases
http://tinman.cs.gsu.edu/~raj/7003/su23,CSc 7003 Programming for Data Science - Summer 2023,"CSc 7003 Programming for Data Science - Summer 2023 Csc 7003, Programming for Data Science - (Summer 2023) TIME: Tue/Thu 5.30 to 8.30 PM LOCATION: WebEx Instructional Staff Instructor : Raj Sunderrama..."
http://tinman.cs.gsu.edu/~raj/7003/su23,CSc 7003 Programming for Data Science - Summer 2023,Office hours: Tuesday/Thursday 3.00 pm to 5:00 pm Course Details Syllabus w3schools Tutorial https://www.tutorialspoint.com/python/index.htm Python 3 Download Python 3 Official Documentation Visual St...
http://tinman.cs.gsu.edu/~raj/7003/su23,CSc 7003 Programming for Data Science - Summer 2023,"Notebooks and Files 07/18/2023 (TUE): Day 4 (Data Structures: Stacks, Queues, Linked Lists) Class Notebooks and Files 07/13/2023 (THU): Day 3 (Python Objects/Classes, Stacks/Queues) Program 5 (Stack U..."
http://tinman.cs.gsu.edu/~raj/7003/su23/Syllabus.pdf,Syllabus PDF,"CSC 7003 Programming for Data Science  (Bootcamp Style Python Programming)  SUMMER 2023    Course Details    Dates:  July 6, 11, 13, 18, 20, 25  Time:  5.30 pm to 8.30 pm  Mode:  ONLINE  CRN:  52799  ..."
http://tinman.cs.gsu.edu/~raj/7003/su23/Syllabus.pdf,Syllabus PDF,"algorithmic complexity, object-oriented programming, lists, hash tables, recursion, binary  trees, heaps, sorting algorithms, and graphs. The course will include a series of  programming assignments t..."
http://tinman.cs.gsu.edu/~raj/7003/su22,CSc 7003 Programming for Data Science - Summer 2022,"CSc 7003 Programming for Data Science - Summer 2022 Csc 7003, Programming for Data Science - (Summer 2022) TIME: Tue/Thu 5.30 to 8.30 PM LOCATION: 205 Aderhold Learning Center Instructional Staff Inst..."
http://tinman.cs.gsu.edu/~raj/7003/su22,CSc 7003 Programming for Data Science - Summer 2022,Office hours: Tuesday/Thursday 3.00 pm to 5:00 pm Course Details Syllabus Assignment Submission Instructions Piazza w3schools Tutorial https://www.tutorialspoint.com/python/index.htm Goodrich Slides M...
http://tinman.cs.gsu.edu/~raj/7003/su22,CSc 7003 Programming for Data Science - Summer 2022,"Program 8 (Linked List) Rewrite insert method to keep list sorted Class Notebooks and Files Class Recordings: Part 1 , Part 2 WEEK 2: Day 1 (Stacks and Queues) Program 7 (Queue Problem) Rewrite __str_..."
http://tinman.cs.gsu.edu/~raj/7003/su22/Syllabus.pdf,Syllabus PDF,"Page 1 of 2      CSc 7003: Programming for Data Science  1. Instructor Information     Raj Sunderraman (raj@gsu.edu)  Office Hours:   TR  3.00 to 5.00 (Room 629, 1 Park Place)  Sat 1.00 to 3.00 (WebEx..."
http://tinman.cs.gsu.edu/~raj/7003/su22/Syllabus.pdf,Syllabus PDF,"recursion, binary trees, heaps, sorting algorithms, and graphs.   4. Course Outcomes    By the end of the semester students will be able to:  • Understand how to formulate programming solutions in Pyt..."
http://tinman.cs.gsu.edu/~raj/7003/su22/Syllabus.pdf,Syllabus PDF,"Page 2 of 2    5. Textbooks and Resources    Class website: http://tinman.cs.gsu.edu/~raj/7003/su22      References:    • Michael T. Gooodrich, Roberto Tamassia and Michael Goldwasser. Data Structures..."
http://tinman.cs.gsu.edu/~raj/7003/su22/Syllabus.pdf,Syllabus PDF,"7. Grading    Programming Assignments: 100%  8. Course Schedule and Topics1    Python Basics:     Primitive Data Types   List, Tuple, String, Set, Dictionary, File    Data Structures:     Stack, Queue..."
http://tinman.cs.gsu.edu/~raj/7003/su21,CSc 7003 Programming for Data Science - Summer 2021,"CSc 7003 Programming for Data Science - Summer 2021 Csc 7003, Programming for Data Science - (Summer 2021) Instructional Staff Instructor : Raj Sunderraman ; Room 629, 1 Park Place; raj@gsu.edu;"
http://tinman.cs.gsu.edu/~raj/7003/su21,CSc 7003 Programming for Data Science - Summer 2021,Office hours: Tuesday/Thursday 3.00 pm to 5:00 pm Course Details Syllabus Piazza Website Lecture Recordings https://www.tutorialspoint.com/python/index.htm Goodrich Slides Matplotlib Install Python 3 ...
http://tinman.cs.gsu.edu/~raj/7003/su21,CSc 7003 Programming for Data Science - Summer 2021,"List) Class Notebooks and Files WEEK 2: Day 1 (Stacks, Queues) Program 7 (Queue Class) Program 6 (Stack Class) Class Notebooks and Files WEEK 1: Day 2 (Objects and Classes in Python) Student.py , Stud..."
http://tinman.cs.gsu.edu/~raj/7003/su21/Syllabus.pdf,Syllabus PDF,Page 1 of 3      CSc 7003: Programming for Data Science  1. Instructor Information     Raj Sunderraman (raj@gsu.edu)    2. Class Information    • Location: Online via WebEx    • Time:  TR 5.30 to 8.30...
http://tinman.cs.gsu.edu/~raj/7003/su21/Syllabus.pdf,Syllabus PDF,and graphs.   4. Course Outcomes    By the end of the semester students will be able to:  • Understand how to measure space and time complexities of algorithms.  • Understand and use the concept of ab...
http://tinman.cs.gsu.edu/~raj/7003/su21/Syllabus.pdf,Syllabus PDF,"Page 2 of 3    5. Textbooks and Resources    Class website: http://tinman.cs.gsu.edu/~raj/7003/su21      References:    • Michael T. Gooodrich, Roberto Tamassia and Michael Goldwasser. Data  Structure..."
http://tinman.cs.gsu.edu/~raj/7003/su21/Syllabus.pdf,Syllabus PDF,Python.  7. Grading    Programming Assignments: 100%    You will be required to submit all work that will be done in class.
http://tinman.cs.gsu.edu/~raj/7003/su21/Syllabus.pdf,Syllabus PDF,"Page 3 of 3    8. Course Schedule and Topics1    Python Basics:     Primitive Data Types   List, Tuple, String, Set, Dictionary, File    Data Structures:     Stack, Queue, Linked Lists, Priority Queue..."
http://tinman.cs.gsu.edu/~raj/7003/su20,CSc 7003 Programming for Data Science - Summer 2020,"CSc 7003 Programming for Data Science - Summer 2020 Csc 7003, Programming for Data Science - (Summer 2020) Instructional Staff Instructor : Raj Sunderraman ; Room 629, 1 Park Place; raj@cs.gsu.edu;"
http://tinman.cs.gsu.edu/~raj/7003/su20,CSc 7003 Programming for Data Science - Summer 2020,Office hours: Tuesday/Thursday 3.00 pm to 5:00 pm Course Details Syllabus Piazza Website Class Notebooks Lecture Recordings https://www.programiz.com/python-programming/ Goodrich Slides Matplotlib Pyt...
http://tinman.cs.gsu.edu/~raj/7003/su20,CSc 7003 Programming for Data Science - Summer 2020,"Day 1 (Stacks, Queues) Program 7 (Queue Class) Program 6 (Stack Class) WEEK 1: Day 2 (Objects and Classes in Python) Student.py , StudentDriver.py Program 5 (Time Class) Program 4 (Game of Hangman) NO..."
http://tinman.cs.gsu.edu/~raj/7003/su20/syllabus.pdf,Syllabus PDF,Page	1	of	3		  CSc 7003: Programming for Data Science 1. Instructor Information   Raj Sunderraman (raj@cs.gsu.edu)  2. Class Information  • Location: Online via WebEx  • Time:  TR 5.30 to 8.30 PM
http://tinman.cs.gsu.edu/~raj/7003/su20/syllabus.pdf,Syllabus PDF,3. Catalog Course Description:  	This is an introductory and review course on programming in Python for Data Science and will provide the programming preparations for MSA students as well as others wh...
http://tinman.cs.gsu.edu/~raj/7003/su20/syllabus.pdf,Syllabus PDF,"and use the concept of abstract data type to represent and implement heterogeneous data structures • Write pseudocode with lists, hash tables, trees and graphs  • Grasp skills in analyzing and designi..."
http://tinman.cs.gsu.edu/~raj/7003/su20/syllabus.pdf,Syllabus PDF,"Page	2	of	3		 5. Textbooks and Resources 	Class website: http://tinman.cs.gsu.edu/~raj/7003/su20   References:  • Michael T. Gooodrich, Roberto Tamassia and Michael Goldwasser. Data Structures and Alg..."
http://tinman.cs.gsu.edu/~raj/7003/su20/syllabus.pdf,Syllabus PDF,"Page	3	of	3		 8. Course Schedule and Topics1 	Python	Basics:			 Primitive	Data	Types		 List,	Tuple,	String,	Set,	Dictionary,	File		Data	Structures:			 Stack,	Queue,	Linked	Lists,	Priority	Queues		 Tre..."
http://tinman.cs.gsu.edu/~raj/7003/su19,CSc 7003 Programming for Data Science - Summer 2019,"CSc 7003 Programming for Data Science - Summer 2019 Csc 7003, Programming for Data Science - (Summer 2019) Instructional Staff Instructor : Raj Sunderraman ; Room 629, 1 Park Place; raj@cs.gsu.edu;"
http://tinman.cs.gsu.edu/~raj/7003/su19,CSc 7003 Programming for Data Science - Summer 2019,Office hours: Tuesday/Thursday 3.00 pm to 5:00 pm at Buckhead Center Course Details Syllabus JupyterHub on tinman Class Notebooks Python 3 Official Documentation Course Materials WEEK 3: Day 2 (Recurs...
http://tinman.cs.gsu.edu/~raj/7003/su19,CSc 7003 Programming for Data Science - Summer 2019,"7 (Queue Class) Program 6 (Stack Class) WEEK 1: Day 2 (Objects and Classes in Python) Student.py , StudentDriver.py Program 5 (Date Class) Program 4 (Game of Hangman) NOT TO BE TURNED IN WEEK 1: Day 1..."
http://tinman.cs.gsu.edu/~raj/7003/su19/syllabus.pdf,Syllabus PDF,Page	1	of	3		  CSc 7003: Programming for Data Science 1. Instructor Information   Raj Sunderraman (raj@cs.gsu.edu)  2. Class Information  • Location: GSU Buckhead Executive Education Center  • Time:  ...
http://tinman.cs.gsu.edu/~raj/7003/su19/syllabus.pdf,Syllabus PDF,3. Catalog Course Description:  	This is an introductory and review course on programming in Python for Data Science and will provide the programming preparations for MSA students as well as others wh...
http://tinman.cs.gsu.edu/~raj/7003/su19/syllabus.pdf,Syllabus PDF,"and use the concept of abstract data type to represent and implement heterogeneous data structures • Write pseudocode with lists, hash tables, trees and graphs  • Grasp skills in analyzing and designi..."
http://tinman.cs.gsu.edu/~raj/7003/su19/syllabus.pdf,Syllabus PDF,"Page	2	of	3		 5. Textbooks and Resources 	Class website: http://tinman.cs.gsu.edu/~raj/7003/su19   References:  • Michael T. Gooodrich, Roberto Tamassia and Michael Goldwasser. Data Structures and Alg..."
http://tinman.cs.gsu.edu/~raj/7003/su19/syllabus.pdf,Syllabus PDF,"Page	3	of	3		 8. Course Schedule and Topics1 	Python	Basics:			 Primitive	Data	Types		 List,	Tuple,	String,	Set,	Dictionary,	File		Data	Structures:			 Stack,	Queue,	Linked	Lists,	Priority	Queues		 Tre..."
http://tinman.cs.gsu.edu/~raj/4998/sp06,CSc 4998 Home Page,"CSc 4998 Home Page CSc 4998, Web Programming Spring 2006 Bulletin Board Syllabus Slides Java Servlets (Oracle 9i Primer - Chapter 7) Servlet and JSP Tutorial Javascript Reference Javascript Examples X..."
http://tinman.cs.gsu.edu/~raj/4998/sp06,CSc 4998 Home Page,"(""jdbc:oracle:thin:@tinman.cs.gsu.edu:1521:sid9ir2"",user,pass); Assignment 1 (Due: 20 January, 2006) Assignment 2 (Due: 3 February, 2006 - Deadline extended to 10 February) Assignment 3 (Due: 24 Febru..."
http://tinman.cs.gsu.edu/~raj/4998/sp06/syllabus.html,NEW COURSE � SPRING 2006,"NEW COURSE � SPRING 2006 NEW COURSE � SPRING 2006 !! �� CSc 4998, Web Programming Note: This class is a 3 hour class; If you need an extra hour to make it 4 hours, please see me regarding adding 1 hou..."
http://tinman.cs.gsu.edu/~raj/4998/sp06/syllabus.html,NEW COURSE � SPRING 2006,"2311. � Course Overview The course introduces the student to programming techniques required to develop Web applications. Topics include: HTML forms, Javascript, Servlets and Java Server Pages, PhP an..."
http://tinman.cs.gsu.edu/~raj/4998/sp06/syllabus.html,NEW COURSE � SPRING 2006,Servlets and Java Server Pages Overview Java       Servlet API Session       Tracking Java       Server Pages Web      Access to Databases PhP/MySQL Oracle XML DOM       and SAX Parsing XPath/XSLT Gra...
http://tinman.cs.gsu.edu/~raj/4710/f11,CSc 4710/6710 (Fall 2011) Home Page,"CSc 4710/6710 (Fall 2011) Home Page CSc 4710/6710, Database Systems Fall 2011 Course Syllabus Oracle 10g Primer - Source code etc. Laboratory Manual (to accompany Elmasri-Navathe text) Secure Shell Cl..."
http://tinman.cs.gsu.edu/~raj/4710/f11,CSc 4710/6710 (Fall 2011) Home Page,lightweight SSH slient INTRODUCTION EN: Chapter 1 (Databases and Database Users) EN: Chapter 2 (Database System Concepts and Architecture) RELATIONAL DATA MODEL Lab Manual - Chapter 2 EN: Chapter 3 (T...
http://tinman.cs.gsu.edu/~raj/4710/f11,CSc 4710/6710 (Fall 2011) Home Page,"JDBC Drivers for Java 6 Homework 3 (Due: October 16, 2011 - Sunday) Homework 4 (Due: November 6, 2011 - Sunday) Homework 5 (Due: November 20, 2011 - Sunday) ER Modeling EN: Chapter 7 (ER Model) EN: Ch..."
http://tinman.cs.gsu.edu/~raj/4710/f11/syllabus.html,CSc 4710/6710 Fall 2011 Syllabus,"CSc 4710/6710 Fall 2011 Syllabus CSc 4710/6710 Database Systems Fall 2011 (CRN: 82948/82949) 10.00 to 11.45 TR, Room: Classroom South 400 Instructor: Dr. Raj Sunderraman (34 Peachtree Street, Suite 14..."
http://tinman.cs.gsu.edu/~raj/4710/f11/syllabus.html,CSc 4710/6710 Fall 2011 Syllabus,"relational calculus, and Datalog; commercial query language SQL; query optimization; relational database design theory;  physical database design, integrity, security, concurrency control, and recover..."
http://tinman.cs.gsu.edu/~raj/4710/f11/syllabus.html,CSc 4710/6710 Fall 2011 Syllabus,"Basic Unix skills are required. Strong programming skills in Java also required. Texts: Elmasri and Navathe, Fundamentals of Database Systems,      Sixth Edition, Addison-Wesley, 2010. R. Sunderraman,..."
http://tinman.cs.gsu.edu/~raj/4710/f11/syllabus.html,CSc 4710/6710 Fall 2011 Syllabus,(24% for 6710 students) Additional Requirement for Csc 6710 students: Project/Paper: 10% The final letter grade will be determined based on the following criteria: A 90 B 80 C 65 D 50 Withdrawal Date:...
http://tinman.cs.gsu.edu/~raj/4710/f11/syllabus.html,CSc 4710/6710 Fall 2011 Syllabus,for the class. It is also the repsonsibility of each student to protect his or her work including computer files etc from being extracted by others. Computer accounts will be de-activated immediately ...
http://tinman.cs.gsu.edu/~raj/4710/sp08,CSc 4710/6710 (Spring 2008) Home Page,"CSc 4710/6710 (Spring 2008) Home Page CSc 4710/6710, Database Systems Spring 2008 Class Bulletin Board (You need to sign up) Course Syllabus Laboratory Manual (to accompany Elmasri-Navathe text) EN: C..."
http://tinman.cs.gsu.edu/~raj/4710/sp08,CSc 4710/6710 (Spring 2008) Home Page,"(ER/EER to Relational Mapping) EN: Chapter 8 Transparencies (SQL) Sunderraman: Chapter 2 Transparencies (SQL) EN: Chapter 6 Transparencies ( TRC , DRC , Datalog ) company_create.html , company_insert...."
http://tinman.cs.gsu.edu/~raj/4710/sp08,CSc 4710/6710 (Spring 2008) Home Page,"2 (Due: Monday, 11 February, 2008) company.zip mailorder.zip Solutions Home Work 3 (Due: Wednesday, 20 February, 2008) Solutions Home Work 4 (Due: Monday, 10 March, 2008) Solutions Code to create tabl..."
http://tinman.cs.gsu.edu/~raj/4710/sp08,CSc 4710/6710 (Spring 2008) Home Page,"create_mail.sql and insert_mail.sql. Please read Chapter 2 of the Oracle 10 Programming textbook for details on using the sqlplus program. Home Work 5 (Due: Friday, 21 March, 2008) Solutions Home Work..."
http://tinman.cs.gsu.edu/~raj/4710/sp08,CSc 4710/6710 (Spring 2008) Home Page,"relational algebra queries for both the problems. Please identify yourself in the file, separate out the solutions to the two problems, etc. The command to submit is: $ handin4710 2 hw2.txt 6710 stude..."
http://tinman.cs.gsu.edu/~raj/4710/sp08,CSc 4710/6710 (Spring 2008) Home Page,chmod 755 webapps/WEB-INF chmod 755 webapps/WEB-INF/classes chmod 755 webapps/WEB-INF/lib chmod 700 webapps/WEB-INF/src Page Maintained by raj@cs.gsu.edu
http://tinman.cs.gsu.edu/~raj/4710/sp08/syllabus.html,CSc 4710/6710 Spring 2008 Syllabus,"CSc 4710/6710 Spring 2008 Syllabus CSc 4710/6710 Database Systems Spring 2008 (CRN: 10600/10609) 10.00 to 11.40 MW, Room: 400 Classroom South Instructor: Dr. Raj Sunderraman (34 Peachtree Street, Suit..."
http://tinman.cs.gsu.edu/~raj/4710/sp08/syllabus.html,CSc 4710/6710 Spring 2008 Syllabus,"relational calculus, and Datalog; commercial query language SQL; query optimization; relational database design theory;  physical database design, integrity, security, concurrency control, and recover..."
http://tinman.cs.gsu.edu/~raj/4710/sp08/syllabus.html,CSc 4710/6710 Spring 2008 Syllabus,"theory; Object Oriented Data Model, ODL, OQL, eyeDB Database System. XML Data Model and query languages (XPath, XQuery). Concurrency Control, Recovery. Pre-requisites: CSc 3410, Data Structures. Basic..."
http://tinman.cs.gsu.edu/~raj/4710/sp08/syllabus.html,CSc 4710/6710 Spring 2008 Syllabus,(24% for 6710 students) Additional Requirement for Csc 6710 students: Project/Paper: 10% The final letter grade will be determined based on the following criteria: A 90 B 80 C 65 D 50 Withdrawal Date:...
http://tinman.cs.gsu.edu/~raj/4710/sp08/syllabus.html,CSc 4710/6710 Spring 2008 Syllabus,for the class. It is also the repsonsibility of each student to protect his or her work including computer files etc from being extracted by others. Computer accounts will be de-activated immediately ...
http://tinman.cs.gsu.edu/~raj/4710/sp03,CSc 4710/6710 (Spring 2003) Home Page,"CSc 4710/6710 (Spring 2003) Home Page CSc 4710/6710, Database Systems Spring 2003 IBM database developer dead at 79 CSc 4710/6710 Bulletin Board Course Syllabus SQL Tutorial EN: Chapters 1 and 2 Trans..."
http://tinman.cs.gsu.edu/~raj/4710/sp03,CSc 4710/6710 (Spring 2003) Home Page,"(""jdbc:oracle:thin:@tinman.cs.gsu.edu:1521:sid9ir2"",user,pass); Scrollable ResultSets Object Oriented Data Model Object Oriented Data Model - Additional Notes Object Oriented Data Model - Additional N..."
http://tinman.cs.gsu.edu/~raj/4710/sp03,CSc 4710/6710 (Spring 2003) Home Page,Elmasri-Navathe text. Due: 23rd January (Thursday).  Solutions (ER Diagram etc) must be drawn using a computer program  (no hand written solutions will be accepted) Homework 1 (pdf) Homework 1 Solutio...
http://tinman.cs.gsu.edu/~raj/4710/sp03,CSc 4710/6710 (Spring 2003) Home Page,Deadline extended to 16 February (Sunday) Create Statements for COMPANY DATABASE. Insert Statements for COMPANY DATABASE. Screen Capture Instructions for Assignment. NOTE: In order for you to start us...
http://tinman.cs.gsu.edu/~raj/4710/sp03,CSc 4710/6710 (Spring 2003) Home Page,"directory one more time; logout and then login;  Then, you may use the handin command. For this homework, you will submit 3 files electronically: hw41.sql (containing the modified create table script)..."
http://tinman.cs.gsu.edu/~raj/4710/sp03,CSc 4710/6710 (Spring 2003) Home Page,"(with changes highlighted). For hw43.sql, you will capture the screen  and submit a printout of the screen capture file. Homework 4 Solutions Homework 5: Due 23 March 2003 (Sunday) Homework 6: Due 10 ..."
http://tinman.cs.gsu.edu/~raj/4710/sp03/syllabus.html,CSc 4710/6710 Spring 2003 Syllabus,"CSc 4710/6710 Spring 2003 Syllabus CSc 4710/6710 Database Systems Spring 2003 (Computer Number: 11216/11232) 10.00 to 11.40 TT, Room: 103 CS Instructor: Dr. Raj Sunderraman (758 COE, 651-0672, raj@cs...."
http://tinman.cs.gsu.edu/~raj/4710/sp03/syllabus.html,CSc 4710/6710 Spring 2003 Syllabus,"query optimization; relational database design theory;  physical database design, integrity, security, concurrency control, and recovery. Syllabus: Topics to be covered: Database concepts and architec..."
http://tinman.cs.gsu.edu/~raj/4710/sp03/syllabus.html,CSc 4710/6710 Spring 2003 Syllabus,"pre-requiste is the fact that Discrete Mathematics, Math 2420, is also required). Basic Unix skills are required. strong programming skills in Java also required. Texts: Elmasri and Navathe, Fundament..."
http://tinman.cs.gsu.edu/~raj/4710/sp03/syllabus.html,CSc 4710/6710 Spring 2003 Syllabus,(24% for 6710 students) Additional Requirement for Csc 6710 students: Project/Paper: 10% The final letter grade will be determined based on the following criteria: A 90 B 80 C 65 D 50 Withdrawal Date:...
http://tinman.cs.gsu.edu/~raj/4710/sp03/syllabus.html,CSc 4710/6710 Spring 2003 Syllabus,for the class. It is also the repsonsibility of each student to protect his or her work including computer files etc from being extracted by others. Computer accounts will be de-activated immediately ...
http://tinman.cs.gsu.edu/~raj/6710/sp02,CSc 6710 (Spring 2002) Home Page,"CSc 6710 (Spring 2002) Home Page CSc 6710, Database Systems Spring 2002 Grade Book System Bulletin Board Syllabus SQL Tutorial Stanford University-Oracle Notes Local Documentation Homework 1: Solve pr..."
http://tinman.cs.gsu.edu/~raj/6710/sp02,CSc 6710 (Spring 2002) Home Page,accepted). Homework 2: ER Design plus Relational Algebra/Calculus queries. Due: 8th February. Solutions Homework 3. Due: 15th February. hw3schema.sql hw3data.sql Solutions Homework 4. Due: 22nd Februa...
http://tinman.cs.gsu.edu/~raj/6710/sp02,CSc 6710 (Spring 2002) Home Page,"Due: 21st April. Exam 1 Solutions Exam 2 Solutions Exam 3 (Take Home Part): Solve problems 7.2, 7.4, 7.7, 7.11, 7.21, 7.24, 10.3, 10.15."
http://tinman.cs.gsu.edu/~raj/6710/sp02,CSc 6710 (Spring 2002) Home Page,Bring solution to exam on May 3rd. All Transparencies Chapter 1 Transparencies (pdf) ppt Chapter 2 Transparencies (pdf) ppt Chapter 3 Transparencies (pdf) ppt Chapter 4 Transparencies (pdf) ppt JDBC T...
http://tinman.cs.gsu.edu/~raj/6710/sp02/syllabus.html,CSc 6710 Spring 2002 Syllabus,"CSc 6710 Spring 2002 Syllabus CSc 6710 Database Systems Spring 2002 (Computer Number: 5556) 9.00 to 12.20 F, Room: 209 CS (Classroom South) Instructor: Dr. Raj Sunderraman (758 COE, 651-0672, raj@cs.g..."
http://tinman.cs.gsu.edu/~raj/6710/sp02/syllabus.html,CSc 6710 Spring 2002 Syllabus,"relational calculus, and Datalog; commercial query language SQL; query optimization; relational database design theory;  physical database design, integrity, security, concurrency control, and recover..."
http://tinman.cs.gsu.edu/~raj/6710/sp02/syllabus.html,CSc 6710 Spring 2002 Syllabus,"Web access to databases, JDBC, SQLJ, Transactions and     Concurrency Control, Recovery. Pre-requisites: CSc 3410, Data Structures (implicit in this pre-requiste is the fact that Discrete Mathematics,..."
http://tinman.cs.gsu.edu/~raj/6710/sp02/syllabus.html,CSc 6710 Spring 2002 Syllabus,Web Page Grading Policy: The grading for this course will be based upon the following components: 3 Exams worth 25% each Several homework and programming assignments worth  25%. NOTE: All assignments ...
http://tinman.cs.gsu.edu/~raj/6710/sp02/syllabus.html,CSc 6710 Spring 2002 Syllabus,in the University Faculty Handbook as well as the Student Handbook will be strictly enforced. Please review the document here. All assignments are supposed to be individual work and any collaboration ...
http://tinman.cs.gsu.edu/~raj/6710/sp02/syllabus.html,CSc 6710 Spring 2002 Syllabus,careless in maintaining his or her files (i.e. has kept them open for others to read!). If such carelessness results in another student copying the computer files and submitting them for the assignmen...
http://tinman.cs.gsu.edu/~raj/4710/sp01,CSc 4710/6710 (Spring 2001) Home Page,"CSc 4710/6710 (Spring 2001) Home Page CSc 4710/6710, Database Systems Spring 2001 Grade Book System Bulletin Board Syllabus SQL Tutorial A Simple Guide to Oracle SQLPlus Stanford University-Oracle Not..."
http://tinman.cs.gsu.edu/~raj/4710/sp01,CSc 4710/6710 (Spring 2001) Home Page,"Assume that both courses have identical components. JDBC Connect String: ""jdbc:oracle:thin:@tinman.cs.gsu.edu:1521:sid8i"" Homework 4 Homework 5 NOTE: Please copy ~raj/hw5data.sql into your directory; ..."
http://tinman.cs.gsu.edu/~raj/4710/sp01,CSc 4710/6710 (Spring 2001) Home Page,slides16.pdf (OODB) slides17.pdf (OODB) oql.html All Transparencies: Transparencies Additional Transparencies Page Maintained by raj@cs.gsu.edu
http://tinman.cs.gsu.edu/~raj/4710/sp01/syllabus.html,CSc 4710/6710 Spring 2001 Syllabus,"CSc 4710/6710 Spring 2001 Syllabus CSc 4710/6710 Database Systems Spring Quarter 2001 (Computer Number: 1906/1914) 10.00 to 11.40 TT, Room: 229 G Instructor: Dr. Raj Sunderraman (758 COE, 651-0672, ra..."
http://tinman.cs.gsu.edu/~raj/4710/sp01/syllabus.html,CSc 4710/6710 Spring 2001 Syllabus,"relational calculus, and Datalog; commercial query language SQL; query optimization; relational database design theory;  physical database design, integrity, security, concurrency control, and recover..."
http://tinman.cs.gsu.edu/~raj/4710/sp01/syllabus.html,CSc 4710/6710 Spring 2001 Syllabus,"Web access to databases, JDBC, SQLJ,     Concurrency Control, Recovery. Pre-requisites: CSc 3410, Data Structures (implicit in this pre-requiste is the fact that Discrete Mathematics, Math 2420, is al..."
http://tinman.cs.gsu.edu/~raj/4710/sp01/syllabus.html,CSc 4710/6710 Spring 2001 Syllabus,ISBN 0-201-61258-5 Grading Policy: The grading for this course will be based upon the following components: 3 Exams worth 25% each  (22% for 6710 students) Several homework and programming assignments...
http://tinman.cs.gsu.edu/~raj/4710/sp01/syllabus.html,CSc 4710/6710 Spring 2001 Syllabus,A suggested list of topics will be posted sometime during the semester. An implementation project worth 6%. The student should discuss this with the instructor before the mid point in the semester. Th...
http://tinman.cs.gsu.edu/~raj/4710/sp00,CSc 4710/6710 (Spring 2000) Home Page,"CSc 4710/6710 (Spring 2000) Home Page CSc 4710/6710, Database Systems Spring 2000 CSc 4710/6710 Bulletin Board Course Syllabus SQL Tutorial A Simple Guide to Oracle SQLPlus Project Groups Project (Pha..."
http://tinman.cs.gsu.edu/~raj/4710/sp00,CSc 4710/6710 (Spring 2000) Home Page,"Due: 4 May, 2000. Gradebook; View your scores here. To compile Pro*C/C++ programs, you will need the proc.mk makefile. Please copy this from ~raj/proc.mk into your working directory. Homework Assignme..."
http://tinman.cs.gsu.edu/~raj/4710/sp00,CSc 4710/6710 (Spring 2000) Home Page,"on zeus.cs.gsu.edu in the directory pub/raj/4710/lastname In case your lastname is not unique (liu and shi), the directory is pub/raj/4710/lastname-firstname Company Database SQL Schema. Company Datab..."
http://tinman.cs.gsu.edu/~raj/4710/sp00/syllabus.html,CSc 4710/6710 Spring 2000 Syllabus,"CSc 4710/6710 Spring 2000 Syllabus CSc 4710/6710 Database Systems Spring Quarter 2000 (Computer Number: 1879/1890) 11.00 to 12.15 TT, Room: 106 CS Instructor: Dr. Raj Sunderraman (758 COE, 651-0672, r..."
http://tinman.cs.gsu.edu/~raj/4710/sp00/syllabus.html,CSc 4710/6710 Spring 2000 Syllabus,"query optimization; relational database design theory;  physical database design, integrity, security, concurrency control, and recovery. Syllabus: Topics to be covered: Database concepts and architec..."
http://tinman.cs.gsu.edu/~raj/4710/sp00/syllabus.html,CSc 4710/6710 Spring 2000 Syllabus,"Concurrency Control, Recovery. Pre-requisites: CSc 3410, Data Structures (implicit in this pre-requiste is the fact that Discrete Mathematics, Math 2420, is also required) Texts: Elmasri and Navathe, ..."
http://tinman.cs.gsu.edu/~raj/4710/sp00/syllabus.html,CSc 4710/6710 Spring 2000 Syllabus,20% (18% for 6710 students). Course project worth 20% (18% for 6710 students). Additional Requirement for Csc 6710 students: A research paper in a database related topic worth 10%. A suggested list of...
http://tinman.cs.gsu.edu/~raj/4710/sp99,CSc 4710/6710 (Spring 1999) Home Page,"CSc 4710/6710 (Spring 1999) Home Page CSc 4710/6710, Database Systems Spring 1999 Course Syllabus SQL Tutorial Oracle Book Page (includes links to source code; if you follow the"
http://tinman.cs.gsu.edu/~raj/4710/sp99,CSc 4710/6710 (Spring 1999) Home Page,"link to the publisher's site, you will see transparencies for all chapters) Transparencies (postscript format) Chapters 1 and 2 , Chapter 3 , Chapters 6 , ER to Relational Schema conversion . Project ..."
http://tinman.cs.gsu.edu/~raj/4710/sp99,CSc 4710/6710 (Spring 1999) Home Page,"exam) Use the following command to compile PRO*C files: make -f proc.mk EXE=prog OBJS=""prog.o"" build and the following to compile PRO*C++ files make -f proc.mk EXE=prog OBJS=""prog.o"" cppbuild You will..."
http://tinman.cs.gsu.edu/~raj/4710/sp99/syllabus.html,CSc 4710/6710 Spring 1999 Syllabus,"CSc 4710/6710 Spring 1999 Syllabus CSc 4710/6710 Database Systems Spring Quarter 1999 (Computer Number: 4284/4285) 11.00 to 12.15 TTh, Room: 206 CS Instructor: Dr. Raj Sunderraman (758 COE, 651-0672, ..."
http://tinman.cs.gsu.edu/~raj/4710/sp99/syllabus.html,CSc 4710/6710 Spring 1999 Syllabus,"query optimization; relational database design theory;  physical database design, integrity, security, concurrency control, and recovery. Syllabus: Topics to be covered: Database concepts and architec..."
http://tinman.cs.gsu.edu/~raj/4710/sp99/syllabus.html,CSc 4710/6710 Spring 1999 Syllabus,"Concurrency Control, Recovery. Pre-requisites: CSc 3410, Data Structures (implicit in this pre-requiste is the fact that Discrete Mathematics, Math 2420, is also required) Texts: Elmasri and Navathe, ..."
http://tinman.cs.gsu.edu/~raj/4710/sp99/syllabus.html,CSc 4710/6710 Spring 1999 Syllabus,20% (18% for 6710 students). Course project worth 20% (18% for 6710 students). Additional Requirement for Csc 6710 students: A research paper in a database related topic worth 10%. A suggested list of...
http://tinman.cs.gsu.edu/~raj/498,CSc 498/sp97 (Spring 1998) Home Page,"CSc 498/sp97 (Spring 1998) Home Page CSc 498/698, Introduction to Database Systems Spring 1998 Course Syllabus Tutorial Homework 1: (Due: 13 April, Monday). Problem 3.16 Problem 3.17 (Graduate Credit)..."
http://tinman.cs.gsu.edu/~raj/498,CSc 498/sp97 (Spring 1998) Home Page,"as csc498.employee, csc498.department etc. . I have created and populated the company database under the csc498 schema and have granted public access to query these tables. Homework 4: (Due: 13 May, W..."
http://tinman.cs.gsu.edu/~raj/498/syllabus.html,CSc 498 B/699 B Home Page (Spring 1998),"CSc 498 B/699 B Home Page (Spring 1998) CSc 498 B/699 B Introduction to database systems Spring Quarter 1998 (Computer Number: 1636/1642) 2.10 to 3.40 MWF, 430-S Instructor: Dr. Raj Sunderraman (759 C..."
http://tinman.cs.gsu.edu/~raj/498/syllabus.html,CSc 498 B/699 B Home Page (Spring 1998),"theory; Advanced topics (as time permits): Deductive databases,     Web access to databases, JDBC, Object-oriented databases. Pre-requisites: CSc 231 and Math 220. Texts: Elmasri and Navathe, Fundamen..."
http://tinman.cs.gsu.edu/~raj/498/syllabus.html,CSc 498 B/699 B Home Page (Spring 1998),the following components: Exam 1 worth 25% Exam 2 worth 25% Several homework and programming assignments worth 25%. Course project worth 25%. Additional Requirement for CSC 699 B students: Additional ...
http://tinman.cs.gsu.edu/~raj/4510/f24,CSC 4510/6510 - Automata,"CSC 4510/6510 - Automata CSC 4510/6510, Automata - Fall 2024 Course Details Instructor : Raj Sunderraman ; Room 629, 1 Park Place; raj@gsu.edu Office hours: Tuesday/Thursday 2.00 to 4 PM."
http://tinman.cs.gsu.edu/~raj/4510/f24,CSC 4510/6510 - Automata,"If you cannot make it at any of these times, please email. Time: 8.00 am to 9.45 am Location: Classroom South 428 Syllabus Handin Instructions Course Materials Main Notes Supplementary Notes Python PL..."
http://tinman.cs.gsu.edu/~raj/4510/f24,CSC 4510/6510 - Automata,(Due: 1 December - Sunday - STRICT DEADLINE) Practice Problems for Exam 2 ( Solutions ) Exam 2 Solutions Homework Assignment 5 (Context-Free Languages and Pushdown Automata)  (Due: 11 November - Monda...
http://tinman.cs.gsu.edu/~raj/4510/f24,CSC 4510/6510 - Automata,"(Due: 29 September - Sunday) ( Solutions ) Homework Assignment 1 (RegExp, DFA, NFA to DFA)  (Due: 15 September - Sunday) ( Solutions ) Homework Assignment 0 (Python ply package)  (Due: Not to be turne..."
http://tinman.cs.gsu.edu/~raj/4510/f24/syllabus.html,CSC 4510/6510 Fall 2024 Syllabus,"CSC 4510/6510 Fall 2024 Syllabus CSC 4510/6510 Automata, Fall 2024, Syllabus Class Details Time: TR 8.00 to 9.45 am Location: Classroom South 428 Instructor: Dr. Raj Sunderraman Office: 1 Park Place, ..."
http://tinman.cs.gsu.edu/~raj/4510/f24/syllabus.html,CSC 4510/6510 Fall 2024 Syllabus,Students must meet the Computer Science Major Eligibility Requirement in order to enroll in this course. Catalog Description Theory of computing devices and the languages they recognize. Deterministic...
http://tinman.cs.gsu.edu/~raj/4510/f24/syllabus.html,CSC 4510/6510 Fall 2024 Syllabus,Grading The grading will be based on the following components: Several homeworks and programming assignments (40%). 3 Exams (60% - 20% each) For 4510 Honors students and 6510 students an additional pr...
http://tinman.cs.gsu.edu/~raj/4510/f24/syllabus.html,CSC 4510/6510 Fall 2024 Syllabus,assigned for 10% credit and the homeworks/assignments will count for 36% and the exams will count for 54%. The final letter grade will be determined based on the following criteria (appropriate curves...
http://tinman.cs.gsu.edu/~raj/4510/f24/syllabus.html,CSC 4510/6510 Fall 2024 Syllabus,any collaboration or cheating would result in a zero score for the assignment. A second incident of dishonest work will result in an automatic F grade for the class. It is also the repsonsibility of e...
http://tinman.cs.gsu.edu/~raj/4510/f24/syllabus.html,CSC 4510/6510 Fall 2024 Syllabus,copying the computer files and submitting them for the assignments all students involved will automatically get a zero for the assignment. Attendance and Class Participation Daily attendance is strong...
http://tinman.cs.gsu.edu/~raj/4510/f24/syllabus.html,CSC 4510/6510 Fall 2024 Syllabus,October 15th. The withdrawal period ends at 11 p.m. on the last day to withdraw from a course. Disclaimer This syllabus represents a general plan for the course and deviations from  this plan may be n...
http://tinman.cs.gsu.edu/~raj/481,CSc 481/681 (Winter 1998) Home Page,"CSc 481/681 (Winter 1998) Home Page CSc 481/681, Automata and Formal Languages Winter 1998 Course Syllabus Home Work 1 (Due: 21st January, 1998 (Wednesday)) Home Work 2 (Due: 28st January, 1998 (Wedne..."
http://tinman.cs.gsu.edu/~raj/481/syllabus.html,CSc 481/681 Home Page (Winter 1998),"CSc 481/681 Home Page (Winter 1998) CSc 481/681 Automata Winter Quarter 1998 (Computer Number: 1585/1593) 5.30 to 7.00 MWF, 105-CS Pre-requisites: CSc 431/631. Text: Automata and Formal Languages, An ..."
http://tinman.cs.gsu.edu/~raj/481/syllabus.html,CSc 481/681 Home Page (Winter 1998),pushdown automata for context-free languages and Turing machines for non-context-free languages). We shall also look at some applications in computing for each of the classes of languages. Grading Pol...
http://tinman.cs.gsu.edu/~raj/481/syllabus.html,CSc 481/681 Home Page (Winter 1998),"additional problems in the homework assignments. The final letter grade will be determined based on the following criteria: Last date to withdraw: 6 February, 1998. Tentative Schedule: Jan. 5    Overv..."
http://tinman.cs.gsu.edu/~raj/481/syllabus.html,CSc 481/681 Home Page (Winter 1998),12    (2.5) Non-deterministic Finite Automata (NFA)     14    (2.6) Equivalence of DFA and NFA     16    (2.7) NFAs with empty-transitions      19          HOLIDAY     21    (2.8) Equivalence of Regul...
http://tinman.cs.gsu.edu/~raj/481/syllabus.html,CSc 481/681 Home Page (Winter 1998),"16    (3.7) Pushdown automata (PDA)     18    (3.7, 3.8) PDAs continued, Equivalence of PDA and CFGs     20    (3.8) Equivalence of PDAs and CFGs continued      23    (4.1) Turing Machines (TM)     25..."
http://tinman.cs.gsu.edu/~raj/4340/sp12,CSc 4340/6340 (Spring 2012) Home Page,"CSc 4340/6340 (Spring 2012) Home Page CSc 4340/6340, Introduction to Compilers Spring 2012 Course Syllabus JFlex/JCup JFlex download , Documentation Java CUP download - use version 11a beta , Document..."
http://tinman.cs.gsu.edu/~raj/4340/sp12,CSc 4340/6340 (Spring 2012) Home Page,- LALR Assignments Programming Assignment 1 (Due: January 22 - Sunday) Assignment 2 (Due: February 24 - Friday) Assignment 3 (Due: March 30 - Friday) Solution Assignment 4 (Due: April 27 - Friday) Pro...
http://tinman.cs.gsu.edu/~raj/4340/sp12/syllabus.html,CSc 4340/6340. Introduction to Compilers,"CSc 4340/6340. Introduction to Compilers CSc 4340/6340. Introduction to Compilers Spring 2012, F 10.00 to 12.30 PM, 400-Classroom South Instructor: Dr. Raj Sunderraman Office: 34 Peachtree Street, Sui..."
http://tinman.cs.gsu.edu/~raj/4340/sp12/syllabus.html,CSc 4340/6340. Introduction to Compilers,"Since all projects and assignments in this course will be developed in Java, extreme proficiency in Java is essential. Course Overview: This course has two main objectives: To introduce the student to..."
http://tinman.cs.gsu.edu/~raj/4340/sp12/syllabus.html,CSc 4340/6340. Introduction to Compilers,"Aho, Lam, Sethi, and Ullman, Addison Wesley, 2007. NOTE: First edition will also do! amazon.com is selling used copies. Grading Policy: The grading will be based on the following components: 2 Exams (..."
http://tinman.cs.gsu.edu/~raj/4340/sp12/syllabus.html,CSc 4340/6340. Introduction to Compilers,"See the student catalog for more information. Class participation is strongly encouraged,  please ask questions, make comments. Disclaimer This syllabus represents a general plan for the course and de..."
http://tinman.cs.gsu.edu/~raj/4340/f09,CSc 4340/6340 F09 (Fall 2009) Home Page,"CSc 4340/6340 F09 (Fall 2009) Home Page CSc 4340/6340, Introduction to Compilers Fall 2009 Take Home Exam 3 (Due: Dec 1st, 2009 - Noon) Course Syllabus JFlex download Java CUP download - use version 1..."
http://tinman.cs.gsu.edu/~raj/4340/f09,CSc 4340/6340 F09 (Fall 2009) Home Page,) dbengine databases: modb company movie spj dbengine databases (in zip format): modb.zip company.zip movie.zip spj.zip MySQL databases: modb.sql company.sql movie.sql spj.sql Programming Assignment 1...
http://tinman.cs.gsu.edu/~raj/4340/f09,CSc 4340/6340 F09 (Fall 2009) Home Page,"are now posted in the assignment web page. Assignment 2 Solve the following problems from the textbook: 3.1.2, 3.3.4, 3.3.5 (a,c,e), 3.6.2 (for a,c,e), 3.7.1 b, 3.7.3 c, 3.9.3 (Solve these problems by..."
http://tinman.cs.gsu.edu/~raj/4340/f09,CSc 4340/6340 F09 (Fall 2009) Home Page,verify the some of the answers). Note: 4.6.5 (f) is marked as (e) on the pdf; Please correct it to (f). Page Maintained by raj@cs.gsu.edu
http://tinman.cs.gsu.edu/~raj/4340/f09/syllabus.html,CSc 4340/6340. Introduction to Compilers,"CSc 4340/6340. Introduction to Compilers CSc 4340/6340. Introduction to Compilers Fall 2009, MW 10.00 to 11.40 PM, 400-Classroom South Instructor: Dr. Raj Sunderraman Office: 34 Peachtree Street, Suit..."
http://tinman.cs.gsu.edu/~raj/4340/f09/syllabus.html,CSc 4340/6340. Introduction to Compilers,"proficiency in Java is essential. Course Overview: This course has two main objectives: To introduce the student to compiling techniques. To build a compiler. Textbooks Compilers: Principles, Techniqu..."
http://tinman.cs.gsu.edu/~raj/4340/f09/syllabus.html,CSc 4340/6340. Introduction to Compilers,Any student missing a lesson is responsible for all material  assigned or covered in class during his or her absence. Other Disruptive classroom behavior will not be tolerated.  See the student catalo...
http://tinman.cs.gsu.edu/~raj/4340/f04,CSc 4340/6340 F04 (Fall 2004) Home Page,"CSc 4340/6340 F04 (Fall 2004) Home Page CSc 4340/6340, Introduction to Compilers Fall 2004 Class Bulletin Board Course Syllabus Entire Transparencies Chapter 1 Transparencies Chapter 1 Programming Ass..."
http://tinman.cs.gsu.edu/~raj/4340/f04,CSc 4340/6340 F04 (Fall 2004) Home Page,"Relational Algebra DB Engine Specifications DB Engine Project Groups Relational Model and Algebra Chapter Due: 15 September, 2004 (Wednesday) JFlex download Java CUP download - latest version is 0.10k..."
http://tinman.cs.gsu.edu/~raj/4340/f04/syllabus.html,CSc 4340/6340. Introduction to Compilers,"CSc 4340/6340. Introduction to Compilers CSc 4340/6340. Introduction to Compilers Fall 2004, MW 5.30 to 7.10 PM, 400-Classroom South Computer Number: 85154/85155 Instructor: Dr. Raj Sunderraman Office..."
http://tinman.cs.gsu.edu/~raj/4340/f04/syllabus.html,CSc 4340/6340. Introduction to Compilers,"(or equivalents from another university) shown on your GSU records, you may be dropped from class at any time. Since all projects and assignments in this course will be developed in Java, proficiency ..."
http://tinman.cs.gsu.edu/~raj/4340/f04/syllabus.html,CSc 4340/6340. Introduction to Compilers,"with Jens Palsberg, Cambridge University Press, 2002. Grading Policy: The grading will be based on the following components: 3 Exams (20% each) Programming Projects (40%) Policy on Academic Honesty: L..."
http://tinman.cs.gsu.edu/~raj/4340/f04/syllabus.html,CSc 4340/6340. Introduction to Compilers,this plan may be necessary during the duration of the course.
http://tinman.cs.gsu.edu/~raj/4330/sp22,CSc 4330/6330 Programming Language Concepts - Spring 2022,"CSc 4330/6330 Programming Language Concepts - Spring 2022 CSc 4330/6330, Programming Language Concepts (Spring 2022) Class Time: TR 12.45 to 2.30 pm; Class Location: Aderhold Learning Center 223 Instr..."
http://tinman.cs.gsu.edu/~raj/4330/sp22,CSc 4330/6330 Programming Language Concepts - Spring 2022,Portal Project 1 (Due: 10 March 2022 - Thursday) Project 2 (Due: 28 April 2022 - Thursday - No Late Submission) Honors/Graduate Project (Due: 30 April 2022 - Saturday) Part V: Functional Programming i...
http://tinman.cs.gsu.edu/~raj/4330/sp22,CSc 4330/6330 Programming Language Concepts - Spring 2022,Pumping Technique to produce tail-recursion Haskell Slides: Chapter 8 Part 2 (Declaring Types and Classes) Functional Programming in Haskell: Videos Homework 5 (Due: 7 April 2022 - Thursday; Late subm...
http://tinman.cs.gsu.edu/~raj/4330/sp22,CSc 4330/6330 Programming Language Concepts - Spring 2022,4: Lexical Analysis and Parsing: Part I Chapter 4: Lexical Analysis and Parsing: Part II Lexical Analysis: 2 videos Parsing: 9 videos Non-PLY Lexical Analyzer and Recursive Descent Parser Homework 3a ...
http://tinman.cs.gsu.edu/~raj/4330/sp22,CSc 4330/6330 Programming Language Concepts - Spring 2022,WAE Example Code Homework 1 (Due: 27 January 2022 - Thursday; Late submission by 3 February 2020 - Thursday)
http://tinman.cs.gsu.edu/~raj/4330/sp22/syllabus.html,CSC 4330/6330 Spring 2022 Syllabus,"CSC 4330/6330 Spring 2022 Syllabus CSC 4330/6330 Programming Language Concepts, Spring 2022, Syllabus Class Details Time: TR 12.45 to 2.30 pm Location: Aderhold Learning Center 223 Instructor: Dr. Raj..."
http://tinman.cs.gsu.edu/~raj/4330/sp22/syllabus.html,CSC 4330/6330 Spring 2022 Syllabus,"Lexical and Syntax Analysis, Operational and Denotational Semantics. Compiler-Compiler Systems such as Python PLY Lambda Calculus and Functional Programming in Haskell Names, Bindings, and Scopes; Dat..."
http://tinman.cs.gsu.edu/~raj/4330/sp22/syllabus.html,CSC 4330/6330 Spring 2022 Syllabus,"assigned for 10% credit and the homeworks/projects will count for 36% (hws: 24, projects: 12)  and the exams will count for 54%. The final letter grade will be determined based on the following criter..."
http://tinman.cs.gsu.edu/~raj/4330/sp22/syllabus.html,CSC 4330/6330 Spring 2022 Syllabus,any collaboration or cheating would result in a zero score for the assignment. A second incident of dishonest work will result in an automatic F grade for the class. It is also the repsonsibility of e...
http://tinman.cs.gsu.edu/~raj/4330/sp22/syllabus.html,CSC 4330/6330 Spring 2022 Syllabus,copying the computer files and submitting them for the assignments all students involved will automatically get a zero for the assignment. Attendance and Class Participation Daily attendance is strong...
http://tinman.cs.gsu.edu/~raj/4330/su20,CSc 4330/6330 Programming Language Concepts - Summer 2020,"CSc 4330/6330 Programming Language Concepts - Summer 2020 CSc 4330/6330, Programming Language Concepts (Summer 2020) Instructional Staff Instructor : Raj Sunderraman (raj@cs.gsu.edu) Office hours: 2.0..."
http://tinman.cs.gsu.edu/~raj/4330/su20,CSc 4330/6330 Programming Language Concepts - Summer 2020,Office hours: 4.00 pm to 6.00 pm Tuesday Course Details Introduction Video Syllabus Homework Submission Guidelines ( Video instructions ) Course Discussion in Piazza (Self Sign-in) Office Hours Record...
http://tinman.cs.gsu.edu/~raj/4330/su20,CSc 4330/6330 Programming Language Concepts - Summer 2020,"videos in playlist: Parts 3-3 to 3-5 and Parts 4-1 to 4-5 Homework 6 (Due: 28 July (Tuesday); Late Submission: 30 July (Thursday)) ( Solution ) Week 6: Scala Part I (July 13 to July 19) Scala1.html , ..."
http://tinman.cs.gsu.edu/~raj/4330/su20,CSc 4330/6330 Programming Language Concepts - Summer 2020,") Week 4: Lexical Analysis and Parsing Part II (June 29 to July 3) Chapter 4: Lexical Analysis and Parsing Part II Lecture Videos: Parsing 4 post 12 minute mark, Parsing 5 to Parsing 9 Homework 3b (No..."
http://tinman.cs.gsu.edu/~raj/4330/su20,CSc 4330/6330 Programming Language Concepts - Summer 2020,( Solution ) Week 2: Describing Semantics (June 15 to June 21) Chapter 3: Describing Semantics Slides Lecture Videos: 9 videos Homework 2 (Due: 23 June 2020 - Tuesday; Late submission by 26 June 2020 ...
http://tinman.cs.gsu.edu/~raj/4330/su20/syllabus.html,CSc 4330/6330 Summer 2020 Syllabus,"CSc 4330/6330 Summer 2020 Syllabus CSc 4330/6330 Programming Language Concepts Summer 2020 (CRN: 52476/53234) Online Instructor: Raj Sunderraman (Room 629, 1 Park Place 404-413-5726, raj@cs.gsu.edu, O..."
http://tinman.cs.gsu.edu/~raj/4330/su20/syllabus.html,CSc 4330/6330 Summer 2020 Syllabus,"Lexical and Syntax Analysis, Operational and Denotational Semantics. Compiler-Compiler Systems such as Python PLY Lambda Calculus and Functional Programming (Scala) Names, Bindings, and Scopes; Data T..."
http://tinman.cs.gsu.edu/~raj/4330/su20/syllabus.html,CSc 4330/6330 Summer 2020 Syllabus,the following components: Homeworks (30%) 2 Projects worth 10% each (20%) Midterm (25%) Final (25%) Additional Requirement for Csc 6330 students: Some homeworks and projects will have additional work ...
http://tinman.cs.gsu.edu/~raj/4330/su20/syllabus.html,CSc 4330/6330 Summer 2020 Syllabus,in the University Faculty Handbook as well as the Student Handbook will be strictly enforced. Please review the document Academic Honesty Policy . Other topics related to student conduct are available...
http://tinman.cs.gsu.edu/~raj/4330/su20/syllabus.html,CSc 4330/6330 Summer 2020 Syllabus,will be de-activated immediately if the student is found to have been careless in maintaining his or her files (i.e. has kept them open for others to read!). If such carelessness results in another st...
http://tinman.cs.gsu.edu/~raj/4330/sp20,CSc 4330/6330 Programming Language Concepts - Spring 2020,"CSc 4330/6330 Programming Language Concepts - Spring 2020 Csc 4330/6330, Programming Language Concepts (Spring 2020) Instructional Staff Instructor : Raj Sunderraman ; Room 629, 1 Park Place; raj@cs.g..."
http://tinman.cs.gsu.edu/~raj/4330/sp20,CSc 4330/6330 Programming Language Concepts - Spring 2020,lightweight SSH slient(Windows/Unix) Homework Submission Guidelines Graduate Project Final Exam Course Materials FUNCTIONAL PROGRAMMING (LAMBDA CALCULUS AND SCALA) Scala Scala Download and Documentati...
http://tinman.cs.gsu.edu/~raj/4330/sp20,CSc 4330/6330 Programming Language Concepts - Spring 2020,"-2, -3, -4, -5) Home Quiz 3 (Due: April 22, 2020 - Wednesday) Scala Notebook 4 (html) (Video Lectures on iCollege and YouTube: Scala20April-1, -2, -3, -4, -5) Home Quiz 4 (Due: April 29, 2020 - Wednes..."
http://tinman.cs.gsu.edu/~raj/4330/sp20,CSc 4330/6330 Programming Language Concepts - Spring 2020,", King Slides PLY (Python Lex-Yacc) With-Arithmetic-Expressions (WAE) in PLY Homework 1 (Due: January 28, 2020 - Tuesday) Homework 2 (Due: February 11, 2020 - Tuesday) Homework 3 (Due: February 25, 20..."
http://tinman.cs.gsu.edu/~raj/4330/sp20/syllabus.html,CSc 4330/6330 Spring 2020 Syllabus,"CSc 4330/6330 Spring 2020 Syllabus CSc 4330/6330 Programming Language Concepts Spring 2020 (CRN: 10196/10199) MW 12.30pm to 2.15pm, Room: Sparks Hall 311 Instructor: Raj Sunderraman (Room 629, 1 Park ..."
http://tinman.cs.gsu.edu/~raj/4330/sp20/syllabus.html,CSc 4330/6330 Spring 2020 Syllabus,"Lexical and Syntax Analysis, Operational and Denotational Semantics. Names, Bindings, and Scopes; Data Types, Expression and Assignment Statements, Control Structures, Subprograms. Lambda Calculus and..."
http://tinman.cs.gsu.edu/~raj/4330/sp20/syllabus.html,CSc 4330/6330 Spring 2020 Syllabus,(36% for 6710 students) Additional Requirement for Csc 6710 students: Project/Paper: 10% The final letter grade will be determined based on the following criteria: A 90 B 80 C 70 D 60 Withdrawal Date:...
http://tinman.cs.gsu.edu/~raj/4330/sp20/syllabus.html,CSc 4330/6330 Spring 2020 Syllabus,any collaboration or cheating would result in a zero score for the assignment. A second incident of dishonest work will result in an automatic F grade for the class. It is also the repsonsibility of e...
http://tinman.cs.gsu.edu/~raj/4330/sp20/syllabus.html,CSc 4330/6330 Spring 2020 Syllabus,involved will automatically get a zero for the assignment. Note : Deviations from this syllabus may be necessary during the semester and  changes will be announced in class. Raj Sunderraman
http://tinman.cs.gsu.edu/~raj/4330/sp18,CSc 4330/6330 Programming Language Concepts - Spring 2018,"CSc 4330/6330 Programming Language Concepts - Spring 2018 Csc 4330/6330, Programming Language Concepts (Spring 2018) Instructional Staff Instructor : Raj Sunderraman ; Room 629, 1 Park Place; raj@cs.g..."
http://tinman.cs.gsu.edu/~raj/4330/sp18,CSc 4330/6330 Programming Language Concepts - Spring 2018,"lightweight SSH slient(Windows/Unix) Homework Submission Guidelines ANTLR4-IntelliJ-Windows10 - How To (Thanks, Samuel!) ANTLR4 on Windows Command Terminal (Thanks, Noria for pointing out this link!) ..."
http://tinman.cs.gsu.edu/~raj/4330/sp18,CSc 4330/6330 Programming Language Concepts - Spring 2018,"1 (Due: February 2, 2018 - Friday) Homework 2 (Due: February 7, 2018 - Wednesday) ( Solution ) Homework 3a (Due: February 16, 2018 - Friday) ( Solution )"
http://tinman.cs.gsu.edu/~raj/4330/sp18,CSc 4330/6330 Programming Language Concepts - Spring 2018,"(Handin under assignment 3a) Homework 3b (Due: February 25, 2018 - Sunday) (Handin under assignment 3b) Homework 3c (Due: February 18, 2018 - Sunday) ( Solution ) (Handin under assignment 3c) Function..."
http://tinman.cs.gsu.edu/~raj/4330/sp18,CSc 4330/6330 Programming Language Concepts - Spring 2018,"(Handin under assignment 4a) Homework 4b (Due: March 21, 2018 - Wednesday) ( Solution ) (Handin under assignment 4b) Scala Download/Documentation Functional Programming in Scala - Part I Functional Pr..."
http://tinman.cs.gsu.edu/~raj/4330/sp18,CSc 4330/6330 Programming Language Concepts - Spring 2018,"( Solution ) Homework 5 (Due: April 1, 2018 - Sunday) ( Solution ) Homework 6 (Due: April 15, 2018 - Sunday) Logic Programming (Prolog) Learn Prolog Now (Tutorial) SWI Prolog SWI Prolog (Built-in Pred..."
http://tinman.cs.gsu.edu/~raj/4330/sp18/syllabus.html,CSc 4330/6330 Spring 2018 Syllabus,"CSc 4330/6330 Spring 2018 Syllabus CSc 4330/6330 Programming Language Concepts Spring 2018 (CRN: 22157/22299) MW 5.30pm to 7.15pm, Room: Classroom South 328 Instructor: Raj Sunderraman (Room 629, 1 Pa..."
http://tinman.cs.gsu.edu/~raj/4330/sp18/syllabus.html,CSc 4330/6330 Spring 2018 Syllabus,"Statements, Control Structures, Subprograms. Functional Programming (Scala) Logic Programming (Prolog) - if time permits. Pre-requisites: CSc 2720 and CSc 3210 with a grade of ""C"" or better. Texts: Ro..."
http://tinman.cs.gsu.edu/~raj/4330/sp18/syllabus.html,CSc 4330/6330 Spring 2018 Syllabus,"criteria: A 90 B 80 C 70 D 60 Withdrawal Date: February 27, 2018 (Tuesday) Academic Honesty Policy The academic honesty policy as described  in the University Faculty Handbook as well as the Student H..."
http://tinman.cs.gsu.edu/~raj/4330/sp18/syllabus.html,CSc 4330/6330 Spring 2018 Syllabus,including computer files etc from being extracted by others. Computer accounts will be de-activated immediately if the student is found to have been careless in maintaining his or her files (i.e. has ...
http://tinman.cs.gsu.edu/~raj/3320/f00,CSc 3320 -- System-Level Programming (Fall 2000),"CSc 3320 -- System-Level Programming (Fall 2000) CSc 3320: System-Level Programming (Fall 2000) Instructor: Raj Sunderraman Office Hours MW: 4:00 to 5:00 PM Prerequisites CSc 2311, Principles of Progr..."
http://tinman.cs.gsu.edu/~raj/3320/f00,CSc 3320 -- System-Level Programming (Fall 2000),"Prentice Hall, 1999. (2) K.N. King. C Programming -- A Modern approach. Norton, 1996. Check Your Grades Here Bulletin Board Homework Project 3 Homework Project 5 Homework Project 6 Syllabus Chapter 1 ..."
http://tinman.cs.gsu.edu/~raj/3320/f00/syllabus.html,CSc 3320 Fall 1999,"CSc 3320 Fall 1999 SYLLABUS CSc 3320 System-Level Programming Fall 2000 (Computer Number: 1805) 1.30 to 2.45 MW, 300 CS (Classroom South) Instructor: Dr. Raj Sunderraman Office: Room 758 College Of Ed..."
http://tinman.cs.gsu.edu/~raj/3320/f00/syllabus.html,CSc 3320 Fall 1999,"high-level language (C) to interface with an operating system (UNIX). Students will learn fundamental UNIX concepts, including files, processes, interprocess communication, and shells. They will also ..."
http://tinman.cs.gsu.edu/~raj/3320/f00/syllabus.html,CSc 3320 Fall 1999,"creation and termination, process diagnostics (ps, kill, top). Textbooks 1. Glass and Ables, Unix for Programmers and Users: A Complete Guide , Prentice Hall, Second Edition (1999). 2. King, C Program..."
http://tinman.cs.gsu.edu/~raj/3320/f00/syllabus.html,CSc 3320 Fall 1999,No assignment will be accepted after one week.  This policy will be strictly enforced. The final letter grade will be determined based on the following criteria: A 90 and above B 80 thru 89 C 65 thru ...
http://tinman.cs.gsu.edu/~raj/3320/f99,CSc 3320 -- System-Level Programming (Fall 1999),"CSc 3320 -- System-Level Programming (Fall 1999) CSc 3320: System-Level Programming (Fall 1999) Instructor: Raj Sunderraman Office Hours MWF: 1:00 to 2:00 PM Prerequisites CSc 2311, Principles of Prog..."
http://tinman.cs.gsu.edu/~raj/3320/f99,CSc 3320 -- System-Level Programming (Fall 1999),"Prentice Hall, 1999. (2) K.N. King. C Programming -- A Modern approach. Norton, 1996. Syllabus Ghostview Links Chapter 1 Transparencies Chapter 2 Transparencies Chapter 3 Transparencies Regular Expres..."
http://tinman.cs.gsu.edu/~raj/3320/f99,CSc 3320 -- System-Level Programming (Fall 1999),"13) Homework 3 (Due: Wednesday, October 27) Homework 4 (Due: Wednesday, November 10) Homework 5 (Due: Monday, November 29) Extra Credit Homework 6 (Due: Friday, December 10)"
http://tinman.cs.gsu.edu/~raj/3320/f99/syllabus.html,CSc 3320 Fall 1999,"CSc 3320 Fall 1999 SYLLABUS CSc 3320 System-Level Programming Fall 1999 (Computer Number: 4890) 2.00 to 2.50 MWF, 401 S (Sparks Hall) Instructor: Dr. Raj Sunderraman Office: Room 758 College Of Educat..."
http://tinman.cs.gsu.edu/~raj/3320/f99/syllabus.html,CSc 3320 Fall 1999,"high-level language ( C ) to interface with an operating system (UNIX). Students will learn fundamental UNIX concepts, including files, processes, interprocess communication, and shells. They will als..."
http://tinman.cs.gsu.edu/~raj/3320/f99/syllabus.html,CSc 3320 Fall 1999,"rcs. Files (2 weeks) - UNIX file system, file permissions, file system calls (fcntl, creat, open, read, write, close, lseek). Processes (2 weeks) - Basic concepts, daemon processes, process creation a..."
http://tinman.cs.gsu.edu/~raj/3320/f99/syllabus.html,CSc 3320 Fall 1999,programming language and the UNIX operating system. This causes problems in later courses (especially Operating Systems and Introduction to Parallel Programming) that expect the students to have such ...
http://tinman.cs.gsu.edu/~raj/3320/f99/syllabus.html,CSc 3320 Fall 1999,the following components: 1. Two exams worth 20% each. 2. Final Exam worth 30% each. 3. Several Programming Assignments worth 30%. Late submission penalty: 20% penalty for one week late; No assignment...
http://tinman.cs.gsu.edu/~raj/3320/f99/syllabus.html,CSc 3320 Fall 1999,"or assignment, or dismissal from the course. Also, the Dean of Students office will be informed. NOTE: This syllabus represents a general plan for the course and deviations from this plan may be neces..."
http://tinman.cs.gsu.edu/~raj/3320/su99,CSc 3320 -- System-Level Programming (Summer 1999),CSc 3320 -- System-Level Programming (Summer 1999) CSc 3320: System-Level Programming (Summer 1999) Instructor: Raj Sunderraman Office Hours Mondays and Wednesdays 3:30 to 4:30 PM Prerequisites CSc 23...
http://tinman.cs.gsu.edu/~raj/3320/su99,CSc 3320 -- System-Level Programming (Summer 1999),"Prentice Hall, 1999. (2) K.N. King. C Programming -- A Modern approach. Norton, 1996. New: View your grades here Syllabus Chapter 1 Transparencies Chapter 2 Transparencies Chapter 3 Transparencies Cha..."
http://tinman.cs.gsu.edu/~raj/3320/su99,CSc 3320 -- System-Level Programming (Summer 1999),"1999 (Wednesday)) Homework 3 (Due: 21 July, 1999 (Wednesday)) Function prototypes and types with comments Homework 4 (Due: 2 August, 1999 (Monday)) Homework 5 (Due: 2 August, 1999 (Monday)) Submission..."
http://tinman.cs.gsu.edu/~raj/3320/su99,CSc 3320 -- System-Level Programming (Summer 1999),"4 .c files, 5 .h files and one Makefile). Do not submit any executables or .o files. HW4 submissions should be in the directory pub/raj/3320/hw4/your-last-name Please submit the source file myls.c and..."
http://tinman.cs.gsu.edu/~raj/3320/su99/syllabus.html,CSc 3320 Summer 1999,"CSc 3320 Summer 1999 SYLLABUS CSc 3320 System-Level Programming Summer 1999 (Computer Number: 1813) 4.45 to 7.30 MW, 323 G (General Classroom) Instructor: Dr. Raj Sunderraman Office: Room 758 College ..."
http://tinman.cs.gsu.edu/~raj/3320/su99/syllabus.html,CSc 3320 Summer 1999,"high-level language ( C ) to interface with an operating system (UNIX). Students will learn fundamental UNIX concepts, including files, processes, interprocess communication, and shells. They will als..."
http://tinman.cs.gsu.edu/~raj/3320/su99/syllabus.html,CSc 3320 Summer 1999,"rcs. Files (2 weeks) - UNIX file system, file permissions, file system calls (fcntl, creat, open, read, write, close, lseek). Processes (2 weeks) - Basic concepts, daemon processes, process creation a..."
http://tinman.cs.gsu.edu/~raj/3320/su99/syllabus.html,CSc 3320 Summer 1999,programming language and the UNIX operating system. This causes problems in later courses (especially Operating Systems and Introduction to Parallel Programming) that expect the students to have such ...
http://tinman.cs.gsu.edu/~raj/3320/su99/syllabus.html,CSc 3320 Summer 1999,the following components: 1. Two exams worth 25% each. 2. Several Programming Assignments worth 50%. The final letter grade will be determined based on the following criteria: A 90 and above B 80 thru...
http://tinman.cs.gsu.edu/~raj/3210/f99,CSc 3210/f99 (Fall 1999) Home Page,"CSc 3210/f99 (Fall 1999) Home Page CSc 3210/f99, Computer Organization and Programming Fall 1999 Course Syllabus Notes Chapters vs Book Chapters Electronic Submission Guidelines . SETTING PATH TO TASM..."
http://tinman.cs.gsu.edu/~raj/3210/f99,CSc 3210/f99 (Fall 1999) Home Page,"problems. You may download asmenv19.zip . This is an IDE similar to Borland's IDE's for Pascal etc. for TASM. New: View your grades here REMINDER: EXAM 2 on Friday, 19th November (Chapters 5, 6 and 9...."
http://tinman.cs.gsu.edu/~raj/3210/f99/syllabus.html,CSc 3210 Fall 1999,"CSc 3210 Fall 1999 SYLLABUS CSc 3210 Computer Organization and Programming Fall 1999 (Computer Number: 1704) 11.00 to 11.50 MWF, 104 CS (Classroom South) Instructor: Dr. Raj Sunderraman Office: Room 7..."
http://tinman.cs.gsu.edu/~raj/3210/f99/syllabus.html,CSc 3210 Fall 1999,"programming language problem solving skills. Required Texts: 1. IBM PC Assembly Language and Programming (Fourth Edition) by Peter Abel, Prentice Hall 1998. 2. Course Notes from Bestway Copiers on Dec..."
http://tinman.cs.gsu.edu/~raj/3210/f99/syllabus.html,CSc 3210 Fall 1999,student missing a lesson is responsible for any material assigned  or covered in class during his or her absence. Grading Policy: The grades for this course will be based upon the following components...
http://tinman.cs.gsu.edu/~raj/3210/f99/syllabus.html,CSc 3210 Fall 1999,"criteria: A 90 and above B 80 thru 89 C 65 thru 79 D 50 thru 64 F less than 50 Last date to withdraw: 15 October (Friday), 1999. Academic Honesty Policy: All work submitted for grading must be the stu..."
http://tinman.cs.gsu.edu/~raj/3210/f98,CSc 3210/f98 (Fall 1998) Home Page,"CSc 3210/f98 (Fall 1998) Home Page CSc 3210/f98, Computer Organization and Programming Fall 1998 FINAL EXAM: 1.00 PM on DECEMBER 14 (MONDAY) Course Syllabus Electronic Submission Guidelines . Programm..."
http://tinman.cs.gsu.edu/~raj/3210/f98,CSc 3210/f98 (Fall 1998) Home Page,"December 11, 1998, Friday) . Solutions to Quiz #1 (September 9, 1998, Wednesday) . Solutions to Quiz #2 (October 5, 1998, Monday) . Solutions to Quiz #3 (October 28, 1998, Wednesday) . Quiz #4 (Due: N..."
http://tinman.cs.gsu.edu/~raj/3210/f98,CSc 3210/f98 (Fall 1998) Home Page,"For some of you who are using the PC labs in the computing center at GSU, you may use the command BORCPLUS at the DOS prompt to set the path to the tasm/tlink/td programs. After issuing this command, ..."
http://tinman.cs.gsu.edu/~raj/3210/f98/syllabus/syllabus.html,CSc 3210 Fall 1998,"CSc 3210 Fall 1998 SYLLABUS CSc 3210 Computer Organization and Programming Fall 1998 (Computer Number: 2123) 11.00 to 11.50 MWF, 200 CS (Classroom South) Instructor: Dr. Raj Sunderraman Office: Room 7..."
http://tinman.cs.gsu.edu/~raj/3210/f98/syllabus/syllabus.html,CSc 3210 Fall 1998,"programming language problem solving skills. Required Texts: 1. IBM PC Assembly Language and Programming (Fourth Edition) by Peter Abel, Prentice Hall 1998. 2. Course Notes from PrintShop on Decatur S..."
http://tinman.cs.gsu.edu/~raj/3210/f98/syllabus/syllabus.html,CSc 3210 Fall 1998,student missing a lesson is responsible for any material assigned  or covered in class during his or her absence. Grading Policy: The grades for this course will be based upon the following components...
http://tinman.cs.gsu.edu/~raj/3210/f98/syllabus/syllabus.html,CSc 3210 Fall 1998,50% late for 4 days late; 100% penalty (i.e. no credit) if submitted after 4 days. This policy will be strictly enforced. 4. Several Quizzes worth 15%. The dates for the quizzes will be announced a fe...
http://tinman.cs.gsu.edu/~raj/3210/f98/syllabus/syllabus.html,CSc 3210 Fall 1998,"or assignment, or dismissal from the course. Also, the Dean of Students office will be informed. NOTE: This syllabus represents a general plan for the course and deviations from this plan may be neces..."
http://tinman.cs.gsu.edu/~raj/343/sp98,CSc 343/sp98 (Spring 1998) Home Page,"CSc 343/sp98 (Spring 1998) Home Page CSc 343/sp98, Computer Organization and Programming Spring 1998 Course Syllabus Electronic Submission Guidelines . Quiz 1 SOLUTIONS Quiz 2 SOLUTIONS Quiz 3 SOLUTIO..."
http://tinman.cs.gsu.edu/~raj/343/sp98,CSc 343/sp98 (Spring 1998) Home Page,"For some of you who are using the PC labs in the computing center at GSU, you may use the command BORCPLUS at the DOS prompt to set the path to the tasm/tlink/td programs. After issuing this command, ..."
http://tinman.cs.gsu.edu/~raj/343/sp98/syllabus.html,No Title,"No Title CSc 343 Computer Organization and Programming Spring Quarter 1998 (Computer Number: 1630) 5.30 to 7.00 PM MWF, 310 CS (Classroom South) Instructor: Dr. Raj Sunderraman Office: 758 College of ..."
http://tinman.cs.gsu.edu/~raj/343/sp98/syllabus.html,No Title,"organization and assembly programming.  Topics include: computer structure and machine language,  intel assembly language, addressing techniques, screen and keyboard processing, processing string data..."
http://tinman.cs.gsu.edu/~raj/343/sp98/syllabus.html,No Title,50% late for 4 days late; 100% penalty (i.e. no credit) if submitted after 4 days. This policy will be strictly enforced. Several Quizzes worth 10% (dates will be announced a few days before the quiz)...
http://tinman.cs.gsu.edu/~raj/343/f97,CSc 343/f97 (Fall 1997) Home Page,"CSc 343/f97 (Fall 1997) Home Page CSc 343/f97, Computer Organization and Programming Fall 1997 Course Syllabus Electronic Submission Guidelines . Programming Assignment 1 . Due: 17 October, 1997 (Frid..."
http://tinman.cs.gsu.edu/~raj/343/f97,CSc 343/f97 (Fall 1997) Home Page,"Quiz 4 (with solutions) . 19 November, 1997 (Wednesday) Mid-Term Exam (with solutions) . 24 October, 1997 (Friday) REMINDER: FINAL EXAM ON Wednesday, DECEMBER 3rd at 11.30 AM SETTING PATH TO TASM/TLIN..."
http://tinman.cs.gsu.edu/~raj/343/f97,CSc 343/f97 (Fall 1997) Home Page,"For some of you who are using the PC labs in the computing center at GSU, you may use the command BORCPLUS at the DOS prompt to set the path to the tasm/tlink/td programs. After issuing this command, ..."
http://tinman.cs.gsu.edu/~raj/343/f97/343.html,No Title,"No Title CSc 343 Computer Organization and Programming Fall Quarter 1997 (Computer Number: 1593) 10.50 to 12.20 MWF, 200 CS (Classroom South) Pre-requisites: CSc 227. A basic knowledge of higher-level..."
http://tinman.cs.gsu.edu/~raj/343/f97/343.html,No Title,"organization and assembly programming.  Topics include: computer structure and machine language,  intel assembly language, addressing techniques, screen and keyboard processing, processing string data..."
http://tinman.cs.gsu.edu/~raj/343/f97/343.html,No Title,25% penalty for 2 days late; 40% penalty for 3 days late; 50% late for 4 days late; 100% penalty (i.e. no credit) if submitted after 4 days. This policy will be strictly enforced. Several Quizzes wort...
http://tinman.cs.gsu.edu/~raj/2510/f07,CSc 2510 Home Page,"CSc 2510 Home Page CSc 2510, Theoretical Foundations of Computer Science Fall 2007 Syllabus Chapter 1 (Formal Logic) Slides (ppt) Section 1 , Section 2 , Section 3 , Section 4 , Section 5 Sunderraman ..."
http://tinman.cs.gsu.edu/~raj/2510/f07,CSc 2510 Home Page,"6 Chapter 4 (Relations, Functions) Slides (ppt) Section 1 , Section 2 , Section 3 , Section 4 Relational Algebra Querying Homeworks Homework 1 (Due: 5 September, 2007 - Wednesday) Homework 2 (Due: 17 ..."
http://tinman.cs.gsu.edu/~raj/2510/f07,CSc 2510 Home Page,"36 Section 1.2: 42, 46, 48 Section 1.3: 4, 13, 26a,d Section 1.4: 18, 26, 34, 37 Exam 2 is on November 19th (Monday). Practice problems: Section 3.3: 4, 8, 17, 21, 26 Section 3.4: 9, 17, 39, 65, 72 Se..."
http://tinman.cs.gsu.edu/~raj/2510/f07/syllabus.html,CSc 2510. Theoretical Foundations of Computer Science,"CSc 2510. Theoretical Foundations of Computer Science CSc 2510. Theoretical Foundations of Computer Science Fall 2007, Monday/Wednesday 12.00 to 1.15 PM,  Room: 204 ALC (Aderhold Learning Center) CRN:..."
http://tinman.cs.gsu.edu/~raj/2510/f07/syllabus.html,CSc 2510. Theoretical Foundations of Computer Science,"theoretical foundations required to study various sub-disciplines  in computer science. Topics include: propositional and predicate logic  with applications to logic programming, database querying, an..."
http://tinman.cs.gsu.edu/~raj/2510/f07/syllabus.html,CSc 2510. Theoretical Foundations of Computer Science,"3.000 Credit Hours Textbook Mathematical Structures for Computer Science (Sixth Edition), by Judith L. Gersting, W.H. Freeman and Company, 2007. Additional may be provided in class. Grading Policy: Th..."
http://tinman.cs.gsu.edu/~raj/2510/f07/syllabus.html,CSc 2510. Theoretical Foundations of Computer Science,two averages. This implies that the homework assignments can only hurt your final grade. The final letter grade will normally be determined based on the following
http://tinman.cs.gsu.edu/~raj/2510/f07/syllabus.html,CSc 2510. Theoretical Foundations of Computer Science,criteria unless the class averages dictate a curve to be used: A 90 and above B 80 thru 89 C 65 thru 79 D 50 thru 64 F less than 50 Detailed Course Syllabus Chapter 1: Formal Logic Propositional Logic...
http://tinman.cs.gsu.edu/~raj/2510/f07/syllabus.html,CSc 2510. Theoretical Foundations of Computer Science,"Probability, Binomial Theorem Chapter 4: Relations, Functions, Matrices Relations, Topological Sort Relations and Databases Functions, mighty mod function Matrices Chapter 5,6: Graphs, Trees, Graph Al..."
http://tinman.cs.gsu.edu/~raj/2510/f07/syllabus.html,CSc 2510. Theoretical Foundations of Computer Science,trees. Chapter 7: Boolean Algebra and Computer Logic Boolean algebraic structures Combinatorial circuits Minimization Chapter 8: Computation and Languages Finite state machines Turing machines Formal ...
http://tinman.cs.gsu.edu/~raj/2310/sp99,CSc 2310 (Spring 1999) Home Page,"CSc 2310 (Spring 1999) Home Page CSc 2310, Principles of Computer Programming I Spring 1999 Course Syllabus Get information on creating a Panther account,"
http://tinman.cs.gsu.edu/~raj/2310/sp99,CSc 2310 (Spring 1999) Home Page,"using e-mail, surfing the Web, and much more. Download the Java Development Kit Browse the packages in the Java API Download the files in the ohjava package Instructions for submitting assignments Che..."
http://tinman.cs.gsu.edu/~raj/2310/sp99/syllabus.html,CSc 2310 Spring 1999,"CSc 2310 Spring 1999 SYLLABUS CSc 2310 Principles of Computer Programming I Spring 1999 (Computer Number: 1854) 1.00 to 1.50 MWF, 107 CS (Classroom South) Instructor: Dr. Raj Sunderraman Office: Room ..."
http://tinman.cs.gsu.edu/~raj/2310/sp99/syllabus.html,CSc 2310 Spring 1999,"variable types, data, input/output. Emphasis on structure and  clarity as well as correctness. Course Content: This course introduces the fundamental principles of computer programming using Java.  To..."
http://tinman.cs.gsu.edu/~raj/2310/sp99/syllabus.html,CSc 2310 Spring 1999,the following components: 1. Two exams worth 15% each. Tentative dates: February 19th (Friday) and April 2nd (Friday). These will be 50 minutes in duration during class time. 2. Final worth 25% at 1.0...
http://tinman.cs.gsu.edu/~raj/2310/sp99/syllabus.html,CSc 2310 Spring 1999,a few days before the quiz. These will be 25 minutes in duration during the second half of class time. The final letter grade will be determined based on the following criteria: A 90 and above B 80 th...
http://tinman.cs.gsu.edu/~raj/2310/sp99/syllabus.html,CSc 2310 Spring 1999,deviations from this plan may be necessary during the duration of the course. Dr. Raj Sunderraman 1/11/1999
http://tinman.cs.gsu.edu/~raj/2010/f13,Index of /~raj/2010/f13,Index of /~raj/2010/f13 Index of /~raj/2010/f13 Name Last modified Size Description Parent Directory - LeftMenuBar.html 2022-10-20 10:59 1.2K aaa.bbb 2022-08-26 12:43 184 assignments/ 2018-05-17 10:46...
http://tinman.cs.gsu.edu/~raj/2010/f13/syllabus.pdf,Syllabus PDF,Georgia State University Department of Computer Science  CSc 2010 Sushil Prasad Fall 2013              Raj Sunderraman  Course Syllabus  Course Title  Principles of Computer Science  Course Descriptio...
http://tinman.cs.gsu.edu/~raj/2010/f13/syllabus.pdf,Syllabus PDF,"Raj Sunderraman 34 Peachtree Street, 14th Floor (Prasad: Room 1453, Sunderraman: Room 1452) Email: sprasad@gsu.edu, raj@gsu.edu  Office Hours:  Monday and Wednesday: 1:30-2:30 (Prasad) Tuesday and Thu..."
http://tinman.cs.gsu.edu/~raj/2010/f13/syllabus.pdf,Syllabus PDF,Xuan Guo xguo9 W 03.00-04.00 80250 T 10.00-10.50 Rasanjalee  D. dmrhimali T 10.50-12.00 87920 M 04.00-04.50 Michael McDermott mmcdermott2 M 03.00-04.00 All TAs are available on the 6th Floor of SunTru...
http://tinman.cs.gsu.edu/~raj/2010/f13/syllabus.pdf,Syllabus PDF,"Textbooks  1. G. Michael Schneider and Judith L. Gersting, Invitation to Computer Science, 6th edition, Cengage Learning, 2013. 2. K.N. King, Java Programming: From the Beginning, W.W. Norton and Comp..."
http://tinman.cs.gsu.edu/~raj/2010/f13/syllabus.pdf,Syllabus PDF,"Control Structures 5. Arrays  Lab Manual  Chapters 1-6 (lab experience 1-10)  Grading  Programs, projects, quizzes, and exams will be given numerical scores. These scores will be averaged at the end o..."
http://tinman.cs.gsu.edu/~raj/2010/f13/syllabus.pdf,Syllabus PDF,"be no higher than 90 (A), 80 (B), 70 (C), and 60 (D). Plus/minus grading will be in effect for this course.       Quizzes  There will be six quizzes given during the recitation session. Missed quizzes..."
http://tinman.cs.gsu.edu/~raj/2010/f13/syllabus.pdf,Syllabus PDF,"Midterm  There will be a midterm test given, which will be 50 minutes long. If you are forced to miss this test because of illness or other catastrophe, you must notify the instructor in advance. Befo..."
http://tinman.cs.gsu.edu/~raj/2010/f13/syllabus.pdf,Syllabus PDF,"final time. A seating chart may be used for the final exam, and it may be different from the one used for prior tests.  Assignments  There will be 9 take home assignments, due in one week. Each assign..."
http://tinman.cs.gsu.edu/~raj/2010/f13/syllabus.pdf,Syllabus PDF,"since exams will cover material discussed in class as well as in the assigned readings; also, hints related to the assignments will be given in class. Last day of class is Dec 9th, Mon.  Academic Hone..."
http://tinman.cs.gsu.edu/~raj/2010/f13/syllabus.pdf,Syllabus PDF,"of the Dean of Students.  Classroom Etiquette  Cellular phones must be turned off during class. Please do not arrive late, leave early, or go in and out of class, since this behavior is very distracti..."
http://tinman.cs.gsu.edu/~raj/2010/sp10,CSc 2010 SP10 (Spring 2010) Home Page,"CSc 2010 SP10 (Spring 2010) Home Page CSc 2010, Introduction to Computer Science (using robots) Spring 2010 GSU Chapter of the ACM : A great"
http://tinman.cs.gsu.edu/~raj/2010/sp10,CSc 2010 SP10 (Spring 2010) Home Page,chapter to join for CS majors - for a nominal fee ($10/year I think). Free food and raffle prizes at each event. Survey for teams link Course Syllabus Text Book Download Python Standard Library Python...
http://tinman.cs.gsu.edu/~raj/2010/sp10,CSc 2010 SP10 (Spring 2010) Home Page,"code Programming Assignment 6 (Due: 18 April, 2010) Hints Final Project (Due: 30 April, 2010) Pseudo code for Memory Game problem Page Maintained by raj@cs.gsu.edu"
http://tinman.cs.gsu.edu/~raj/2010/sp10/syllabus_sp10.pdf,Syllabus PDF,"Georgia State University Department of Computer Science  CSc 2010 Raj Sunderraman Spring, 2010  Course Syllabus  Course Title  Introduction to Computer Science  Computer Record Number (CRN)  16029  Co..."
http://tinman.cs.gsu.edu/~raj/2010/sp10/syllabus_sp10.pdf,Syllabus PDF,"Email: raj@cs.gsu.edu Home page: tinman.cs.gsu.edu/~raj/  Office Hours:      T, R 11:00–1:00 and by appointment  Graduate Assistants  Promita Bose (pbose1@student.gsu.edu) Stefanie Markham (smarkham@g..."
http://tinman.cs.gsu.edu/~raj/2010/sp10/syllabus_sp10.pdf,Syllabus PDF,"Textbook  Deepak Kumar, Learning Computing with Robots. Download from www.roboteducation.org (click on “textbook” at left).  Topics  1. The World of Robots 2. Personal Robots 3. Building Robot Brains ..."
http://tinman.cs.gsu.edu/~raj/2010/sp10/syllabus_sp10.pdf,Syllabus PDF,Final exam 25%  Letter grades will be determined by ranking the numerical averages of all students in the class. Cut-off points for grades will depend on the performance of the class as a whole; howev...
http://tinman.cs.gsu.edu/~raj/2010/sp10/syllabus_sp10.pdf,Syllabus PDF,the student’s letter grade.  Example 1. A student has an average score of 90 (out of 100) on programming assignments and an average score of 85 on projects. The student has an average score of 80 on t...
http://tinman.cs.gsu.edu/~raj/2010/sp10/syllabus_sp10.pdf,Syllabus PDF,"programs and projects is lower, so that number is used as the overall average. An average of 78 is guaranteed to be at least a C, because it falls between 70 and 80. There is a possibility that an ave..."
http://tinman.cs.gsu.edu/~raj/2010/sp10/syllabus_sp10.pdf,Syllabus PDF,"Example 2. Assume that the student’s scores are the same as before, except that the test scores are 95 and 92, and the final exam score is 91. With programs and projects included, the student’s averag..."
http://tinman.cs.gsu.edu/~raj/2010/sp10/syllabus_sp10.pdf,Syllabus PDF,"that an average of 89 will be a B+, A–, or A, depending on the performance of the class as a whole.  Quizzes  There will be five quizzes given at the beginning of class. Tentative quiz dates are Janua..."
http://tinman.cs.gsu.edu/~raj/2010/sp10/syllabus_sp10.pdf,Syllabus PDF,"written evidence (e.g., a note from a physician or hospital) that you were unable to take the exam at the original time. Without such evidence, you will receive a score of zero for the test. Seating c..."
http://tinman.cs.gsu.edu/~raj/2010/sp10/syllabus_sp10.pdf,Syllabus PDF,Programming Assignments  There will be six programming assignments. Each assignment will be worth 20 points. The penalty for late assignments will be 4 points per calendar day.  Projects  There will b...
http://tinman.cs.gsu.edu/~raj/2010/sp10/syllabus_sp10.pdf,Syllabus PDF,"grading policy does not take attendance into account, failing to attend may adversely affect your grade, since exams will cover material discussed in class as well as in the assigned readings; also, h..."
http://tinman.cs.gsu.edu/~raj/2010/sp10/syllabus_sp10.pdf,Syllabus PDF,Cheating on an assignment or exam may result in dismissal from the course and notification of the Dean of Students.  Classroom Etiquette  Cellular phones must be turned off during class. Please do not...
http://tinman.cs.gsu.edu/~raj/2010/sp10/syllabus_sp10.pdf,Syllabus PDF,Course Schedule  Tuesday Thursday Jan. 12 Chapter 1 Jan. 14 Chapter 2 Jan. 19   Chapter 3 Jan. 21 Quiz 1 Chapter 4 Jan. 26  Program 1 due Lab session -1 Jan. 28 Chapter 4 Feb. 2  Chapter 5  Feb. 4  Qu...
http://tinman.cs.gsu.edu/~raj/2010/sp10/syllabus_sp10.pdf,Syllabus PDF,25   Chapter 8 Mar. 30 Chapter 9 Apr. 1   TEST 2 (Ch. 6-8) Apr. 6  Program 5 due Lab session – 5 Apr. 8   Chapter 9 Apr. 13  Quiz 6 Chapter 9 Apr. 15  Quiz 5 Chapter 10 Apr. 20  Program 6 due Lab sess...
http://tinman.cs.gsu.edu/~raj/1302/sp25,CSC 1302 - Principles of Computer Science II Honors Lab,"CSC 1302 - Principles of Computer Science II Honors Lab CSC 1302, Principles of Computer Science II Honors Lab (Spring 2025) Course Details Instructor : Raj Sunderraman ; Room 629, 1 Park Place; raj@g..."
http://tinman.cs.gsu.edu/~raj/1302/sp25,CSC 1302 - Principles of Computer Science II Honors Lab,"If you cannot make it at any of these times, please email. Syllabus Official Python Documentation , Python Tutorial , Another More Detailed Python Tutorial Basic Commands in Unix (many of these comman..."
http://tinman.cs.gsu.edu/~raj/1302/sp25,CSC 1302 - Principles of Computer Science II Honors Lab,"(Due: 27 April, 2025 - Sunday) Week 11: April 1st (Binary Search Tree, WAE Expressions) Jupyter Notebooks Week 10: March 25th (Sierpinski's Triangles and Curves) Jupyter Notebooks Programming Assignme..."
http://tinman.cs.gsu.edu/~raj/1302/sp25,CSC 1302 - Principles of Computer Science II Honors Lab,"(Due: 23 March, 2025 - Sunday) Week 6: February 18th (initializeDatabase, Recursion) Jupyter Notebooks Week 5: February 11th (More Functional Programming and Assignment 3) Jupyter Notebooks Programmin..."
http://tinman.cs.gsu.edu/~raj/1302/sp25,CSC 1302 - Principles of Computer Science II Honors Lab,"(Due: 9 February, 2025 - Sunday) Week 2: January 21st (Fifteen Puzzle Tips; Functional Programming using Expressions) Jupyter Notebooks January 21, 2025 WebEx Class Week 1: January 14th (Graphics, Fif..."
http://tinman.cs.gsu.edu/~raj/1302/sp25/syllabus.html,Honors CSC 1302 Syllabus,"Honors CSC 1302 Syllabus Honors CSC 1302, Principles of Computer Science II (Lab), Spring 2025, Syllabus Class Details Lab Time: Wednesday 1.00 to 2.40 Location: 55 Park Place Room 262 Instructor: Dr...."
http://tinman.cs.gsu.edu/~raj/1302/sp25/syllabus.html,Honors CSC 1302 Syllabus,These will reinforce concepts learned in the lecture. Grading The grading will be based on the following components from the lab and lecture parts: LAB Part (30%): 6 Programming Projects - assigned by...
http://tinman.cs.gsu.edu/~raj/1302/sp25/syllabus.html,Honors CSC 1302 Syllabus,on submissions during this period. Tinman Server Security: The password for your account on the tinman server MUST be changed to a secure one. Your accounts will be locked if the password is not secur...
http://tinman.cs.gsu.edu/~raj/1302/sp25/syllabus.html,Honors CSC 1302 Syllabus,No outside help is permitted. Attendance Etc. Daily attendance is strongly encouraged.  Any student missing a lesson is responsible for all material  assigned or covered in class during his or her abs...
http://tinman.cs.gsu.edu/~raj/1302/sp24,CSC 1302 - Principles of Computer Science II Honors Lab,"CSC 1302 - Principles of Computer Science II Honors Lab CSC 1302, Principles of Computer Science II Honors Lab (Spring 2024) Course Details Instructor : Raj Sunderraman ; Room 629, 1 Park Place; raj@g..."
http://tinman.cs.gsu.edu/~raj/1302/sp24,CSC 1302 - Principles of Computer Science II Honors Lab,"or by appointment (please send email) Syllabus Official Python Documentation , Python Tutorial , Another More Detailed Python Tutorial Basic Commands in Unix (many of these commands should work in Pow..."
http://tinman.cs.gsu.edu/~raj/1302/sp24,CSC 1302 - Principles of Computer Science II Honors Lab,"(Due: 28 April, 2024 - Sunday) Week 12: April 3rd (Huffman Codes) Jupyter Notebooks Week 11: March 27th (More recursion, Binary Search Trees; Huffman Codes) Jupyter Notebooks Programming Assignment 5 ..."
http://tinman.cs.gsu.edu/~raj/1302/sp24,CSC 1302 - Principles of Computer Science II Honors Lab,"(Due: 10 March, 2024 - Sunday) Week 5: February 7th (Toothpicks, Sorted Linked Lists) Jupyter Notebooks Week 4: January 31st (NO CLASS) Jupyter Notebooks Week 3: January 24th (Sorted Linked List, Grap..."
http://tinman.cs.gsu.edu/~raj/1302/sp24/syllabus.html,Honors CSC 1302 Syllabus,"Honors CSC 1302 Syllabus Honors CSC 1302, Principles of Computer Science II (Lab), Spring 2024, Syllabus Class Details Lab Time: Wednesday 1.00 to 2.40 Location: 55 Park Place Room 262 Instructor: Dr...."
http://tinman.cs.gsu.edu/~raj/1302/sp24/syllabus.html,Honors CSC 1302 Syllabus,These will reinforce concepts learned in the lecture. Grading The grading will be based on the following components from the lab and lecture parts: LAB Part: Programming Project (32%) - assigned by Dr...
http://tinman.cs.gsu.edu/~raj/1302/sp24/syllabus.html,Honors CSC 1302 Syllabus,be awarded for the assignment. Determination of collaboration will be made by the instructor. No outside help is permitted. Attendance Etc. Daily attendance is strongly encouraged.  Any student missin...
http://tinman.cs.gsu.edu/~raj/1302/f23,CSC 1302 Honors Principles of Computer Science II Honors Lab - Fall 2023,"CSC 1302 Honors Principles of Computer Science II Honors Lab - Fall 2023 CSC 1302, Principles of Computer Science II Honors Lab - (Fall 2023) Instructional Staff Instructor : Raj Sunderraman ; Room 62..."
http://tinman.cs.gsu.edu/~raj/1302/f23,CSC 1302 Honors Principles of Computer Science II Honors Lab - Fall 2023,"8) WEEK 7 (6 October 2023) Description Implement Relation.py ( select ), and Tuple.py (select) DUE: October 22, 2023 - Sunday (handin under 7) WEEK 6 (29 September 2023) Description Implement Relation..."
http://tinman.cs.gsu.edu/~raj/1302/f23,CSC 1302 Honors Principles of Computer Science II Honors Lab - Fall 2023,"in class DUE: October 15, 2023 - Sunday (handin under 6) WEEK 5 (22 September 2023) Description Implement Relation.py ( rename , times ), and Tuple.py (concatenate)  in class DUE: October 8, 2023 - Su..."
http://tinman.cs.gsu.edu/~raj/1302/f23,CSC 1302 Honors Principles of Computer Science II Honors Lab - Fall 2023,"in class DUE: September 24, 2023 - Sunday (handin under 3) WEEK 3 (8 September 2023) Description Relation.py (member, union, intersect, minus), and Tuple.py (clone) DUE: September 24, 2023 - Sunday (h..."
http://tinman.cs.gsu.edu/~raj/1302/f23/syllabus.html,Honors CSC 1302 Syllabus,"Honors CSC 1302 Syllabus Honors CSC 1302, Principles of Computer Science II (Lab), Fall 2023, Syllabus Class Details Lab Time: Friday 11.00 to 12.40 Location: Langdale Hall 605 Instructor: Dr. Raj Sun..."
http://tinman.cs.gsu.edu/~raj/1302/f23/syllabus.html,Honors CSC 1302 Syllabus,"and completed in such a way that at the end we have the completed project. The project shall  be completed on an individual basis. If time permits, we will also build a Relational Algebra interpreter...."
http://tinman.cs.gsu.edu/~raj/1302/f23/syllabus.html,Honors CSC 1302 Syllabus,"Copying of code from the internet or from other sources is strictly prohibited. If the work is determined to be plagiarized, a 0 will be awarded for the assignment. Determination of collaboration will..."
http://tinman.cs.gsu.edu/~raj/1302/f23/syllabus.html,Honors CSC 1302 Syllabus,"See the student catalog for more information.  Class participation is strongly encouraged,  please ask questions, make comments. Disclaimer This syllabus represents a general plan for the course and d..."
http://tinman.cs.gsu.edu/~raj/1302/f21,CSc 1302 Honors Principles of Computer Science II - Fall 2021,"CSc 1302 Honors Principles of Computer Science II - Fall 2021 CSc 1302, Principles of Computer Science II - (Fall 2021) Instructional Staff Instructor : Raj Sunderraman ; Room 629, 1 Park Place; raj@g..."
http://tinman.cs.gsu.edu/~raj/1302/f21,CSc 1302 Honors Principles of Computer Science II - Fall 2021,"setRelationNames, and evaluate DUE: December 5th, 2021 (handin RANode.java under 10) Weekly Materials PHASE II WEEK 14 (3 December 2021) Description evaluate (Database db) DUE: December 5, 2021 - Sund..."
http://tinman.cs.gsu.edu/~raj/1302/f21,CSc 1302 Honors Principles of Computer Science II - Fall 2021,"db): cases: ""times"", ""join"" DUE: November 19, 2021 - Sunday (handin RANode.java under 12) WEEK 11 (5 November 2021) Description semanticCheckAndSetSchemaAndDataTypes(Database db): cases: ""relation"", ""..."
http://tinman.cs.gsu.edu/~raj/1302/f21,CSc 1302 Honors Principles of Computer Science II - Fall 2021,"""minus"", and ""intersect"" DUE: November 14, 2021 - Sunday (handin RANode.java under 11) WEEK 10 (29 October 2021) Description setRelationNames(AtomicInteger globalInt) DUE: November 7, 2021 - Sunday (h..."
http://tinman.cs.gsu.edu/~raj/1302/f21,CSc 1302 Honors Principles of Computer Science II - Fall 2021,"available at here DUE: October 31, 2021 - Sunday (handin Query1.java, ..., Query7.java under 9) WEEK 8 (15 October 2021) Description Join Operator DUE: October 24, 2021 - Sunday (handin Tuple.java and..."
http://tinman.cs.gsu.edu/~raj/1302/f21,CSc 1302 Honors Principles of Computer Science II - Fall 2021,"(handin Tuple.java and Relation.java under 5) WEEK 4 (17 September 2021) Description Clone tuple; Check membership of tuple in relation; and the Union , Intersect , and Minus Operators DUE: September ..."
http://tinman.cs.gsu.edu/~raj/1302/f21,CSc 1302 Honors Principles of Computer Science II - Fall 2021,"2021) Description Initial Setup code in Database.java, Relation.java, and Tuple.java DUE: September 5, 2021 - Sunday (handin under 1)"
http://tinman.cs.gsu.edu/~raj/1302/f21/syllabus.html,Honors CSc 1302 Syllabus,"Honors CSc 1302 Syllabus Honors CSc 1302, Principles of Computer Science II (Lab), Fall 2021, Syllabus Class Details Lab Time: Friday 1.00 to 2.40 Location: Classroom South 203 Instructor: Dr. Raj Sun..."
http://tinman.cs.gsu.edu/~raj/1302/f21/syllabus.html,Honors CSc 1302 Syllabus,and completed in such a way that at the end we have the completed project. The project shall  be completed on an individual basis. Grading The grading will be based on the following components: Progra...
http://tinman.cs.gsu.edu/~raj/1302/f21/syllabus.html,Honors CSc 1302 Syllabus,"Copying of code from the internet or from other sources is strictly prohibited. If the work is determined to be plagiarized, a 0 will be awarded for the assignment. Determination of collaboration will..."
http://tinman.cs.gsu.edu/~raj/1302/f21/syllabus.html,Honors CSc 1302 Syllabus,"See the student catalog for more information.  Class participation is strongly encouraged,  please ask questions, make comments. Disclaimer This syllabus represents a general plan for the course and d..."
http://tinman.cs.gsu.edu/~raj/1302/f16,CSc 1302 Honors Principles of Computer Science II - Fall 2016,"CSc 1302 Honors Principles of Computer Science II - Fall 2016 Csc 1302, Honors Principles of Computer Science II (Fall 2016) Class Details Syllabus Class Roster Google Groups for Class Project Descrip..."
http://tinman.cs.gsu.edu/~raj/1302/f16,CSc 1302 Honors Principles of Computer Science II - Fall 2016,"lightweight SSH slient Weekly Materials In Memory Relational Database Project Week 1 (25 August 2016) DUE: September 4, 2016 - Sunday (handin under 1) Initial setup code in Database.java, Relation.jav..."
http://tinman.cs.gsu.edu/~raj/1302/f16,CSc 1302 Honors Principles of Computer Science II - Fall 2016,"r2) Week 5 (22 September 2016) Week 4 continued Week 6 (29 September 2016) DUE: October 5, 2016 - Wednesday (handin under 6) Relation.rename(ArrayList<String> cnames) Relation.times(Relation r2) Tuple..."
http://tinman.cs.gsu.edu/~raj/1302/f16,CSc 1302 Honors Principles of Computer Science II - Fall 2016,"Relation.select(String lopType, String lopValue, String comparison, String ropType, String ropValue) Week 9 (20 October 2016) DUE: November 2, 2016 - Wednesday (handin under 9) Tuple.join(Tuple t2, Ar..."
http://tinman.cs.gsu.edu/~raj/1302/f16,CSc 1302 Honors Principles of Computer Science II - Fall 2016,"Query1.java, Query2.java, Query6.java, and final versions of Database.java, Relation.java, and Tuple.java, under  assignment ""dbengine"". DEADLINE: December 8th (Thursday) Netflix Project Data Set Data..."
http://tinman.cs.gsu.edu/~raj/1302/f16/syllabus.html,Honors CSc 1302 Syllabus,"Honors CSc 1302 Syllabus Honors CSc 1302, Principles of Computer Science II (Lab), Fall 2016, Syllabus Class Details Lab Time: Thursday 11.00 to 12.40 Location: Sparks 133 Instructor: Dr. Raj Sunderra..."
http://tinman.cs.gsu.edu/~raj/1302/f16/syllabus.html,Honors CSc 1302 Syllabus,and completed in such a way that at the end we have the completed project. The project shall  be completed on an individual basis. Grading The grading will be based on the following components: Progra...
http://tinman.cs.gsu.edu/~raj/1302/f16/syllabus.html,Honors CSc 1302 Syllabus,be awarded for the assignment. Determination of collaboration will be made by the instructor. No outside help is permitted. Attendance Etc. Daily attendance is strongly encouraged.  Any student missin...
http://tinman.cs.gsu.edu/~raj/1301/f24,CSC 1301 - Principles of Computer Science I Honors Lab,"CSC 1301 - Principles of Computer Science I Honors Lab CSC 1301, Principles of Computer Science I Honors Lab (Fall 2024) Course Details Instructor : Raj Sunderraman ; Room 629, 1 Park Place; raj@gsu.e..."
http://tinman.cs.gsu.edu/~raj/1301/f24,CSC 1301 - Principles of Computer Science I Honors Lab,"If you cannot make it at any of these times, please email. Syllabus Official Python Documentation , Python Tutorial , Another More Detailed Python Tutorial Windows install: Install Python and Install ..."
http://tinman.cs.gsu.edu/~raj/1301/f24,CSC 1301 - Principles of Computer Science I Honors Lab,"(Due: 1 December, 2024 - Sunday) Week 11: November 5th (Lab Exam 2 Solution and Assignment 5) Lab Exam 2 Solution Programming Assignment 5 (Data Dictionary)  (Due: 17 November, 2024 - Sunday) Week 10:..."
http://tinman.cs.gsu.edu/~raj/1301/f24,CSC 1301 - Principles of Computer Science I Honors Lab,"(Due: 3 November, 2024 - Sunday) Video Explanation of Programming Assignment 4 (22 mins) Video Lecture: CreditCard class design and implementation (39 mins) Week 8: October 15th (Object-Oriented Progr..."
http://tinman.cs.gsu.edu/~raj/1301/f24,CSC 1301 - Principles of Computer Science I Honors Lab,"(Due: 29 September, 2024 - Sunday) Week 3: September 10th (Functions and Lists) Jupyter Notebooks Week 2: September 3rd (Basic Data Types) Jupyter Notebooks Week 1: August 27th (Python Basics) Jupyter..."
http://tinman.cs.gsu.edu/~raj/1301/f24/syllabus.html,Honors CSC 1301 Syllabus,"Honors CSC 1301 Syllabus CSC 1301, Principles of Computer Science I Honors Lab, Fall 2024, Syllabus Class Details Lab Time: Tuesday 11.00 to 12.40 Location: Classroom South 210 Instructor: Dr. Raj Sun..."
http://tinman.cs.gsu.edu/~raj/1301/f24/syllabus.html,Honors CSC 1301 Syllabus,"(these replace the 30% for Labs in Dr. Saghaeiannejad's syllabus) Grade from exams (45%), homeworks and quizzes (20%), and Class Activities (5%) -  assigned by Mr. Saghaeiannejad. Policy on Academic H..."
http://tinman.cs.gsu.edu/~raj/1301/f24/syllabus.html,Honors CSC 1301 Syllabus,Any student missing a lesson is responsible for all material  assigned or covered in class during his or her absence.  Other Disruptive classroom behavior will not be tolerated.  See the student catal...
http://tinman.cs.gsu.edu/~raj/1301/f23,CSC 1301 - Principles of Computer Science I Honors Lab,"CSC 1301 - Principles of Computer Science I Honors Lab CSC 1301, Principles of Computer Science I Honors Lab (Fall 2023) Course Details Instructor : Raj Sunderraman ; Room 629, 1 Park Place; raj@gsu.e..."
http://tinman.cs.gsu.edu/~raj/1301/f23,CSC 1301 - Principles of Computer Science I Honors Lab,"or by appointment (please send email) Syllabus Official Python Documentation , Python Tutorial , Another More Detailed Python Tutorial Windows install: Install Python and Install Visual Studio Code (o..."
http://tinman.cs.gsu.edu/~raj/1301/f23,CSC 1301 - Principles of Computer Science I Honors Lab,2 Lab Problem Jupyter Notebooks Week 11: November 3rd (Exam 2 - Lab Part and Posting of Assignment 6) Jupyter Notebooks Programming Assignment 6 (Hangman)
http://tinman.cs.gsu.edu/~raj/1301/f23,CSC 1301 - Principles of Computer Science I Honors Lab,"(Due: 19 November, 2023 - Sunday) Week 10: October 27th (Tips for Assignment 5) Jupyter Notebooks Week 9: October 20th (Intro to Assignment 5) Jupyter Notebooks Programming Assignment 5 (Orders Databa..."
http://tinman.cs.gsu.edu/~raj/1301/f23,CSC 1301 - Principles of Computer Science I Honors Lab,"(Due: 8 October, 2023 - Sunday) Week 4: September 15th (Tips for Assignment 2) Jupyter Notebooks Week 3: September 8th (Dictionaries, Intro to Assignment 2) Jupyter Notebooks Programming Assignment 2 ..."
http://tinman.cs.gsu.edu/~raj/1301/f23/syllabus.html,Honors CSC 1301 Syllabus,"Honors CSC 1301 Syllabus CSC 1301, Principles of Computer Science I Honors Lab, Fall 2023, Syllabus Class Details Lab Time: Friday 1.00 to 2.40 Location: Classroom South 227 Instructor: Dr. Raj Sunder..."
http://tinman.cs.gsu.edu/~raj/1301/f23/syllabus.html,Honors CSC 1301 Syllabus,"(these replace the 25% for Labs and 5% of the Class Activities grade used for other sections of CSC 1301) Grade from exams (45%), homeworks and quizzes (20%), and Class Activities (5%) -  assigned by ..."
http://tinman.cs.gsu.edu/~raj/1301/f23/syllabus.html,Honors CSC 1301 Syllabus,Any student missing a lesson is responsible for all material  assigned or covered in class during his or her absence.  Other Disruptive classroom behavior will not be tolerated.  See the student catal...
http://tinman.cs.gsu.edu/~raj/1301/f22,CSC 1301 - Principles of Computer Science I Honors Lab,"CSC 1301 - Principles of Computer Science I Honors Lab CSC 1301, Principles of Computer Science I Honors Lab (Fall 2022) Course Details Instructor : Raj Sunderraman ; Room 629, 1 Park Place; raj@gsu.e..."
http://tinman.cs.gsu.edu/~raj/1301/f22,CSC 1301 - Principles of Computer Science I Honors Lab,Week 14: December 2nd (No Class) Jupyter Notebooks In case you have some free time during the winter holidays (-: Week 13: November 18th (Classes and Objects) Jupyter Notebooks Extra Credit Programmin...
http://tinman.cs.gsu.edu/~raj/1301/f22,CSC 1301 - Principles of Computer Science I Honors Lab,"(Due: 4 December, 2022) Week 12: November 11th (Classes and Objects) Jupyter Notebooks Programming Assignment 6 (Automobile Gas Analysis) (Due: 4 December, 2022) Week 11: November 4th (Classes and Obj..."
http://tinman.cs.gsu.edu/~raj/1301/f22,CSC 1301 - Principles of Computer Science I Honors Lab,"(Due: 30 October, 2022) Week 6: September 30th (More Practice on ""Accumulator"" Pattern) Jupyter Notebooks Hints for Programming Assignment 3 (Cipher) Week 5: September 23rd (More Practice on ""Accumula..."
http://tinman.cs.gsu.edu/~raj/1301/f22,CSC 1301 - Principles of Computer Science I Honors Lab,"(Due: 11 September, 2022)"
http://tinman.cs.gsu.edu/~raj/1301/f22/syllabus.html,Honors CSC 1301 Syllabus,"Honors CSC 1301 Syllabus CSC 1301, Principles of Computer Science I Honors Lab, Fall 2022, Syllabus Class Details Lab Time: Friday 1.00 to 2.40 Location: Classroom South 400 Instructor: Dr. Raj Sunder..."
http://tinman.cs.gsu.edu/~raj/1301/f22/syllabus.html,Honors CSC 1301 Syllabus,"(these replace the 20% for Assignments and 10% for the Labs used for other sections of CSC 1301) Grade from Midterm Exam (20%), Quizzes (40%), and Zybook Activities (10%) -  assigned by Mr. Henry Assi..."
http://tinman.cs.gsu.edu/~raj/1301/f22/syllabus.html,Honors CSC 1301 Syllabus,a 0 will be awarded for the assignment. Determination of collaboration will be made by the instructor. No outside help is permitted. Attendance Etc. Daily attendance is strongly encouraged.  Any stude...
http://tinman.cs.gsu.edu/~raj/h1000/f23,Honors 1000 - Productive Data Manipulation in Python and SQL,"Honors 1000 - Productive Data Manipulation in Python and SQL Honors 1000, Productive Data Manipulation in Python and SQL (Fall 2023) Course Details Instructor : Raj Sunderraman ; Room 629, 1 Park Plac..."
http://tinman.cs.gsu.edu/~raj/h1000/f23,Honors 1000 - Productive Data Manipulation in Python and SQL,or by appointment (please send email) Syllabus Class Jupyter Notebooks Course Materials Assignments Assignment 1 (Histogram) Assignment 2 (Art) Assignment 3 (SQL Queries) Project - groups of 2 or 3 We...
http://tinman.cs.gsu.edu/~raj/h1000/f23/Syllabus.pdf,Syllabus PDF,"1  Honors 1000: Productive Data Manipulation in Python and SQL  Mondays 9.30 to 10.20, Room 224, 100 Auburn    Fall 2023    Course Syllabus    Instructor    Raj Sunderraman, Professor of Computer Scie..."
http://tinman.cs.gsu.edu/~raj/h1000/f23/Syllabus.pdf,Syllabus PDF,"approaches will be covered.    Learning Outcomes    1. The student will be able to write short Python programs to read data from a variety of formats,  perform calculations and generate output. The st..."
http://tinman.cs.gsu.edu/~raj/h1000/f23/Syllabus.pdf,Syllabus PDF,"The course addresses the following identified competencies:    Critical Thinking/Problem Solving:    Mine and analyze data, Analyze visual data    Teamwork/Collaboration    Collaborate in team-project..."
http://tinman.cs.gsu.edu/~raj/h1000/f23/Syllabus.pdf,Syllabus PDF,2  Textbooks and Course Materials    There will be no required textbook. We will use the following online tutorials and tools from the Web:    1. https://www.learnpython.org/  2. https://www.tutorials...
http://tinman.cs.gsu.edu/~raj/h1000/f23/Syllabus.pdf,Syllabus PDF,Weeks 6-10 (Relational Databases and SQL)     Relational Database Concepts   SQL – Data Definition (create table/drop table)   SQL – Data Manipulation (insert/delete/update)   SQL – Querying   MySQL  ...
http://tinman.cs.gsu.edu/~raj/h1000/f23/Syllabus.pdf,Syllabus PDF,events.    Grading    4 programming assignments 40 points  Project (groups of 2 to 4)  40 points  Attendance/Participation  20 points (10 for attendance and 10 for Summaries)    S Grade: >= 80  U Grad...
http://tinman.cs.gsu.edu/~raj/h1000/f22,Honors 1000 - Productive Data Manipulation in Python and SQL,"Honors 1000 - Productive Data Manipulation in Python and SQL Honors 1000, Productive Data Manipulation in Python and SQL (Fall 2022) Course Details Instructor : Raj Sunderraman ; Room 629, 1 Park Plac..."
http://tinman.cs.gsu.edu/~raj/h1000/f22,Honors 1000 - Productive Data Manipulation in Python and SQL,"or by appointment (please send email) Syllabus Piazza Discussion Board (Self sign up) Class Jupyter Notebooks Course Materials Course Project (teams of 2-3) Project (Due: December 11, 2022) Python Acc..."
http://tinman.cs.gsu.edu/~raj/h1000/f22,Honors 1000 - Productive Data Manipulation in Python and SQL,"Python Tutorial Python Install Jupyter Lab Homework 2 (Histogram) (Due: 16 October, 2022) Homework 1 (Crypto) (Due: 25 September, 2022)"
http://tinman.cs.gsu.edu/~raj/h1000/f22/Syllabus.pdf,Syllabus PDF,"1  Honors 1000: Productive Data Manipulation in Python and SQL  Mondays 9.30 to 10.20, Room 223, 100 Auburn    Fall 2022    Course Syllabus    Instructor    Raj Sunderraman, Professor of Computer Scie..."
http://tinman.cs.gsu.edu/~raj/h1000/f22/Syllabus.pdf,Syllabus PDF,"approaches will be covered.    Learning Outcomes    1. The student will be able to write short Python programs to read data from a variety of formats,  perform calculations and generate output. The st..."
http://tinman.cs.gsu.edu/~raj/h1000/f22/Syllabus.pdf,Syllabus PDF,"The course addresses the following identified competencies:    Critical Thinking/Problem Solving:    Mine and analyze data, Analyze visual data    Teamwork/Collaboration    Collaborate in team-project..."
http://tinman.cs.gsu.edu/~raj/h1000/f22/Syllabus.pdf,Syllabus PDF,2  Textbooks and Course Materials    There will be no required textbook. We will use the following online tutorials and tools from the Web:    1. https://www.learnpython.org/  2. https://www.tutorials...
http://tinman.cs.gsu.edu/~raj/h1000/f22/Syllabus.pdf,Syllabus PDF,Weeks 6-10 (Relational Databases and SQL)     Relational Database Concepts   SQL – Data Definition (create table/drop table)   SQL – Data Manipulation (insert/delete/update)   SQL – Querying   MySQL  ...
http://tinman.cs.gsu.edu/~raj/h1000/f22/Syllabus.pdf,Syllabus PDF,events.    Grading    4 programming assignments 40 points  Project (groups of 2 to 4)  40 points  Attendance/Participation  20 points (10 for attendance and 10 for Summaries)    S Grade: >= 80  U Grad...
http://tinman.cs.gsu.edu/~raj/h1000/f20,Honors 1000 - Productive Data Manipulation in Python and SQL,"Honors 1000 - Productive Data Manipulation in Python and SQL Honors 1000, Productive Data Manipulation in Python and SQL (Fall 2020) Course Details Instructor : Raj Sunderraman ; Room 629, 1 Park Plac..."
http://tinman.cs.gsu.edu/~raj/h1000/f20,Honors 1000 - Productive Data Manipulation in Python and SQL,or by appointment (please send email) Syllabus Piazza Discussion Board Class Jupyter Notebooks Class Recordings Filezilla Handin Instructions Use the following command on tinman to submit your event s...
http://tinman.cs.gsu.edu/~raj/h1000/f20,Honors 1000 - Productive Data Manipulation in Python and SQL,"(pip3/pip install mysql-connector-python) Load MySQL Tables from csv files Python Flask API (pip3/pip install flask) Web App Architecture Homework 4 (Python-SQL) (Due: 22 November, 2020 - Sunday) Pyth..."
http://tinman.cs.gsu.edu/~raj/h1000/f20/Syllabus.pdf,Syllabus PDF,1
http://tinman.cs.gsu.edu/~raj/h1000/f20/Syllabus.pdf,Syllabus PDF,"Honors 1000: Productive Data Manipulation in Python and SQL Mondays 9.30 to 10.20, Online on WebEx  Fall 2020  Course Syllabus  Instructor  Raj Sunderraman, Professor of Computer Science (raj@gsu.edu)..."
http://tinman.cs.gsu.edu/~raj/h1000/f20/Syllabus.pdf,Syllabus PDF,"of Data Science practices and approaches will be covered.  Learning Outcomes  1. The student will be able to write short Python programs to read data from a variety of formats, perform calculations an..."
http://tinman.cs.gsu.edu/~raj/h1000/f20/Syllabus.pdf,Syllabus PDF,"The course addresses the following identified competencies:  Critical Thinking/Problem Solving:   Mine and analyze data, Analyze visual data  Teamwork/Collaboration   Collaborate in team-project, part..."
http://tinman.cs.gsu.edu/~raj/h1000/f20/Syllabus.pdf,Syllabus PDF,2
http://tinman.cs.gsu.edu/~raj/h1000/f20/Syllabus.pdf,Syllabus PDF,Textbooks and Course Materials  There will be no required textbook. We will use the following online tutorials and tools from the Web:  1. https://www.learnpython.org/ 2. https://www.tutorialspoint.co...
http://tinman.cs.gsu.edu/~raj/h1000/f20/Syllabus.pdf,Syllabus PDF,Database Concepts  SQL – Data Definition (create table/drop table)  SQL – Data Manipulation (insert/delete/update)  SQL – Querying  MySQL 2 assignments   Weeks 11-14 (Projects and Presentations)   Gro...
http://tinman.cs.gsu.edu/~raj/h1000/f20/Syllabus.pdf,Syllabus PDF,(groups of 2 to 4)  40 points Attendance/Participation  20 points (10 for attendance and 10 for Summaries)  S Grade: >= 80 U Grade: < 80
http://tinman.cs.gsu.edu/~raj/h1000/f19,Honors 1000 - Productive Data Manipulation in Python and SQL,"Honors 1000 - Productive Data Manipulation in Python and SQL Honors 1000, Productive Data Manipulation in Python and SQL (Fall 2019) Course Details Instructor : Raj Sunderraman ; Room 629, 1 Park Plac..."
http://tinman.cs.gsu.edu/~raj/h1000/f19,Honors 1000 - Productive Data Manipulation in Python and SQL,"29, 2019) Bar chart using matplotlib MySQL MySQL Install Windows MySQL Install MacOS (using brew) Load Data Code MySQL Kernel for Jupyter Lab (version 0.0.1) MySQL Kernel for Jupyter Lab (version 0.0...."
http://tinman.cs.gsu.edu/~raj/h1000/f19/Syllabus.pdf,Syllabus PDF,"Honors 1000: Productive Data Manipulation in Python and SQL Mondays 9.30 to 10.20, Room 223, 100 Auburn Avenue  Fall 2019  Course Syllabus  Instructor  Raj Sunderraman, Professor of Computer Science (..."
http://tinman.cs.gsu.edu/~raj/h1000/f19/Syllabus.pdf,Syllabus PDF,"Basics of Data Science practices and approaches will be covered.  Learning Outcomes  1. The student will be able to write short Python programs to read data from a variety of formats, perform calculat..."
http://tinman.cs.gsu.edu/~raj/h1000/f19/Syllabus.pdf,Syllabus PDF,be no required textbook. We will use the following online tutorials and tools from the Web:  1. https://www.learnpython.org/ 2. https://www.tutorialspoint.com/sql/index.htm 3. https://pypi.org/project...
http://tinman.cs.gsu.edu/~raj/h1000/f19/Syllabus.pdf,Syllabus PDF,Schedule  Weeks 1-5 (Relational Databases and SQL)   Relational Database Concepts  SQL – Data Definition (create table/drop table)  SQL – Data Manipulation (insert/delete/update)  SQL – Querying  MySQ...
http://tinman.cs.gsu.edu/~raj/h1000/f19/Syllabus.pdf,Syllabus PDF,"Lunch and Learn, Dine and Discover, and Research Essentials series, as well as guest speakers and co-sponsor events. Submit a short one or two paragraph summaries of what you learned in at least 3 eve..."
http://tinman.cs.gsu.edu/~raj/h1000/f18,Honors 1000 - Productive Data Manipulation in Python and SQL,"Honors 1000 - Productive Data Manipulation in Python and SQL Honors 1000, Productive Data Manipulation in Python and SQL (Fall 2018) Course Details Instructor : Raj Sunderraman ; Room 629, 1 Park Plac..."
http://tinman.cs.gsu.edu/~raj/h1000/f18,Honors 1000 - Productive Data Manipulation in Python and SQL,"Mapping Homework 2 (Due: September 26, 2018 - Wednesday) ( Solution ) Python Python Tutorial Python Shell on the Web Python Download and Install - Windows Homework 3 (Due: October 17, 2018 - Wednesday..."
http://tinman.cs.gsu.edu/~raj/h1000/f18,Honors 1000 - Productive Data Manipulation in Python and SQL,"under ""project"") Summaries (Due: December 9, 2018 - Sunday) (handin submission under ""summaries"")"
http://tinman.cs.gsu.edu/~raj/h1000/f18/syllabus.pdf,Syllabus PDF,"Honors 1000: Productive Data Manipulation in Python and SQL Mondays 9.30 to 10.20, Room 223, 100 Auburn Avenue  Fall 2018  Course Syllabus  Instructor  Raj Sunderraman, Professor of Computer Science (..."
http://tinman.cs.gsu.edu/~raj/h1000/f18/syllabus.pdf,Syllabus PDF,Basics of Data Science practices and approaches will be covered.  Learning Outcomes  1. The student will be able to create and maintain a relational database in MySQL. They will also be able to write ...
http://tinman.cs.gsu.edu/~raj/h1000/f18/syllabus.pdf,Syllabus PDF,be no required textbook. We will use the following online tutorials and tools from the Web:  1. https://www.learnpython.org/ 2. https://www.tutorialspoint.com/sql/index.htm 3. https://pypi.org/project...
http://tinman.cs.gsu.edu/~raj/h1000/f18/syllabus.pdf,Syllabus PDF,Schedule  Weeks 1-5 (Relational Databases and SQL)   Relational Database Concepts  SQL – Data Definition (create table/drop table)  SQL – Data Manipulation (insert/delete/update)  SQL – Querying  MySQ...
http://tinman.cs.gsu.edu/~raj/h1000/f18/syllabus.pdf,Syllabus PDF,"Lunch and Learn, Dine and Discover, and Research Essentials series, as well as guest speakers and co-sponsor events. Submit a short one or two paragraph summaries of what you learned in at least 3 eve..."
